value_date,narration,debit,credit,balance
09/07/2026,BY TRANSFER-NEFT*06c3pv*RAZORPAY SOFTWARE,,34.99,"50,00,034.99"
09/07/2026,UPI/0CwyEY/PAYMENT/REF,,82.30,"50,00,117.29"
09/07/2026,TRF FROM RAZORPAY REF 0lEDmC DT 09/07,,129.82,"50,00,247.11"
09/07/2026,NEFT/RAZORPAY/4nYDqz/SETTLEMENT,,7.50,"50,00,254.61"
09/07/2026,TRF FROM RAZORPAY REF 6wCLnC DT 09/07,,41.99,"50,00,296.60"
09/07/2026,TRF FROM RAZORPAY REF aYevzj DT 09/07,,52.85,"50,00,349.45"
09/07/2026,TRF FROM RAZORPAY REF BYexjP DT 09/07,,111.32,"50,00,460.77"
09/07/2026,UPI/dJ88SA/PAYMENT/REF,,39.63,"50,00,500.40"
09/07/2026,RTGS/la40W0/RAZORPAY/COLLECTION,,26.72,"50,00,527.12"
09/07/2026,NEFT/RAZORPAY/MfUVa5/SETTLEMENT,,140.12,"50,00,667.24"
09/07/2026,BY TRANSFER-NEFT*PAYADB2U*RAZORPAY SOFTWARE,,42.71,"50,00,709.95"
09/07/2026,  MPS/PAYCF7UY/RAZORPAY SOFTWARE PVT LTD  ,,10.73,"50,00,720.68"
09/07/2026,NEFT/RAZORPAY/PAYHTHDM/SETTLEMENT,,84.65,"50,00,805.33"
09/07/2026,UPI/U7RTyq/PAYMENT/REF,,36.58,"50,00,841.91"
09/07/2026,RTGS/UwqaQD/RAZORPAY/COLLECTION,,89.77,"50,00,931.68"
10/07/2026,BY TRANSFER-NEFT*7FQtYo*RAZORPAY SOFTWARE,,32.52,"50,00,964.20"
10/07/2026,UPI/G561Ge/PAYMENT/REF,,18.10,"50,00,982.30"
10/07/2026,BY TRANSFER-NEFT*kEXLxB*RAZORPAY SOFTWARE,,30.12,"50,01,012.42"
10/07/2026,NEFT-RAZORPAY-PAY6GP2W-SETTLEMENT,,16.93,"50,01,029.35"
10/07/2026,BY TRANSFER-NEFT*PAYMX0LV*RAZORPAY SOFTWARE,,350.00,"50,01,379.35"
10/07/2026,BY TRANSFER-NEFT*PAYZRM6X*RAZORPAY SOFTWARE,,341.20,"50,01,720.55"
10/07/2026,RTGS/PI92dx/RAZORPAY/COLLECTION,,35.98,"50,01,756.53"
10/07/2026,NEFT/RAZORPAY/PSWXJG/SETTLEMENT,,51.31,"50,01,807.84"
10/07/2026,IMPS/r87VSu/RZPY/CR,,111.09,"50,01,918.93"
10/07/2026,NEFT-RAZORPAY-rvep12-SETTLEMENT,,34.68,"50,01,953.61"
10/07/2026,IMPS/sem5dA/RZPY/CR,,3.53,"50,01,957.14"
10/07/2026,NEFT/RAZORPAY/sHywf5/SETTLEMENT,,7.01,"50,01,964.15"
10/07/2026,IMPS/skAuZ1/RZPY/CR,,15.21,"50,01,979.36"
10/07/2026,NEFT-RAZORPAY-XTDitg-SETTLEMENT,,31.76,"50,02,011.12"
10/07/2026,TRF FROM RAZORPAY REF XYkzy3 DT 10/07,,7.23,"50,02,018.35"
10/07/2026,IMPS/YTi9Kq/RZPY/CR,,129.82,"50,02,148.17"
11/07/2026,IMPS/0xQBd9/RZPY/CR,,63.13,"50,02,211.30"
11/07/2026,IMPS/30XiJD/RZPY/CR,,16.30,"50,02,227.60"
11/07/2026,  MPS/57fnBA/RAZORPAY SOFTWARE PVT LTD  ,,45.92,"50,02,273.52"
11/07/2026,UPI/59epRk/PAYMENT/REF,,4.69,"50,02,278.21"
11/07/2026,TRF FROM RAZORPAY REF B9mXrw DT 11/07,,"1,036.73","50,03,314.94"
11/07/2026,NEFT-RAZORPAY-bqfnQ0-SETTLEMENT,,9.87,"50,03,324.81"
11/07/2026,  MPS/fSs0az/RAZORPAY SOFTWARE PVT LTD  ,,107.49,"50,03,432.30"
11/07/2026,  MPS/FTHG2o/RAZORPAY SOFTWARE PVT LTD  ,,56.13,"50,03,488.43"
11/07/2026,RTGS/fYXN5s/RAZORPAY/COLLECTION,,34.51,"50,03,522.94"
11/07/2026,RTGS/Gmv8Yw/RAZORPAY/COLLECTION,,78.52,"50,03,601.46"
11/07/2026,NEFT/RAZORPAY/hhKQdj/SETTLEMENT,,317.88,"50,03,919.34"
11/07/2026,  MPS/iFLlAN/RAZORPAY SOFTWARE PVT LTD  ,,189.45,"50,04,108.79"
11/07/2026,NEFT/RAZORPAY/iv9vtW/SETTLEMENT,,18.73,"50,04,127.52"
11/07/2026,BY TRANSFER-NEFT*IYAYJ0*RAZORPAY SOFTWARE,,34.39,"50,04,161.91"
11/07/2026,  MPS/kVOQbS/RAZORPAY SOFTWARE PVT LTD  ,,45.46,"50,04,207.37"
11/07/2026,RTGS/lsZg1E/RAZORPAY/COLLECTION,,14.41,"50,04,221.78"
11/07/2026,RTGS/PAYLYD89/RAZORPAY/COLLECTION,,31.46,"50,04,253.24"
11/07/2026,BY TRANSFER-NEFT*PAYR5Y1C*RAZORPAY SOFTWARE,,25.77,"50,04,279.01"
11/07/2026,BY TRANSFER-NEFT*pYkfdf*RAZORPAY SOFTWARE,,133.02,"50,04,412.03"
11/07/2026,UPI/qa9F4I/PAYMENT/REF,,48.00,"50,04,460.03"
11/07/2026,RTGS/QkZ4du/RAZORPAY/COLLECTION,,140.03,"50,04,600.06"
11/07/2026,  MPS/QVmvb0/RAZORPAY SOFTWARE PVT LTD  ,,59.26,"50,04,659.32"
11/07/2026,UPI/rAYjXy/PAYMENT/REF,,159.80,"50,04,819.12"
11/07/2026,NEFT-RAZORPAY-TQpoTt-SETTLEMENT,,117.83,"50,04,936.95"
11/07/2026,NEFT/RAZORPAY/xL7b3t/SETTLEMENT,,123.34,"50,05,060.29"
12/07/2026,NEFT/RAZORPAY/6h6Dak/SETTLEMENT,,16.16,"50,05,076.45"
12/07/2026,  MPS/aaDXOV/RAZORPAY SOFTWARE PVT LTD  ,,16.68,"50,05,093.13"
12/07/2026,TRF FROM RAZORPAY REF fXy8vm DT 12/07,,74.64,"50,05,167.77"
12/07/2026,IMPS/jYVvLx/RZPY/CR,,94.71,"50,05,262.48"
12/07/2026,RTGS/K1vkYa/RAZORPAY/COLLECTION,,93.72,"50,05,356.20"
12/07/2026,NEFT-RAZORPAY-lczbkE-SETTLEMENT,,185.20,"50,05,541.40"
12/07/2026,IMPS/LR9Rmx/RZPY/CR,,44.67,"50,05,586.07"
12/07/2026,  MPS/MO2uIj/RAZORPAY SOFTWARE PVT LTD  ,,149.03,"50,05,735.10"
12/07/2026,TRF FROM RAZORPAY REF nsWpJD DT 12/07,,232.23,"50,05,967.33"
12/07/2026,BY TRANSFER-NEFT*PAYAK3HY*RAZORPAY SOFTWARE,,142.40,"50,06,109.73"
12/07/2026,UPI/PAYDNETW/PAYMENT/REF,,154.18,"50,06,263.91"
12/07/2026,  MPS/PAYFHAUG/RAZORPAY SOFTWARE PVT LTD  ,,210.78,"50,06,474.69"
12/07/2026,RTGS/Qa23DB/RAZORPAY/COLLECTION,,170.71,"50,06,645.40"
12/07/2026,UPI/qKSq7o/PAYMENT/REF,,44.03,"50,06,689.43"
12/07/2026,  MPS/SxB2jy/RAZORPAY SOFTWARE PVT LTD  ,,79.77,"50,06,769.20"
12/07/2026,NEFT-RAZORPAY-SzT2vx-SETTLEMENT,,6.81,"50,06,776.01"
12/07/2026,NEFT-RAZORPAY-wGS3Cc-SETTLEMENT,,101.41,"50,06,877.42"
12/07/2026,NEFT-RAZORPAY-x41OjE-SETTLEMENT,,49.67,"50,06,927.09"
12/07/2026,NEFT/RAZORPAY/XhDOZU/SETTLEMENT,,4.49,"50,06,931.58"
12/07/2026,BY TRANSFER-NEFT*ztwtOF*RAZORPAY SOFTWARE,,"1,995.92","50,08,927.50"
13/07/2026,BY TRANSFER-NEFT*1whsAs*RAZORPAY SOFTWARE,,57.18,"50,08,984.68"
13/07/2026,BY TRANSFER-NEFT*6iS4Te*RAZORPAY SOFTWARE,,17.25,"50,09,001.93"
13/07/2026,IMPS/8Blba8/RZPY/CR,,28.16,"50,09,030.09"
13/07/2026,NEFT-RAZORPAY-9gBfl5-SETTLEMENT,,138.16,"50,09,168.25"
13/07/2026,RTGS/eTDziL/RAZORPAY/COLLECTION,,93.14,"50,09,261.39"
13/07/2026,NEFT-RAZORPAY-EWXra7-SETTLEMENT,,6.84,"50,09,268.23"
13/07/2026,UPI/hb5JJL/PAYMENT/REF,,22.74,"50,09,290.97"
13/07/2026,  MPS/L6UjvZ/RAZORPAY SOFTWARE PVT LTD  ,,76.58,"50,09,367.55"
13/07/2026,TRF FROM RAZORPAY REF Nqlmh1 DT 13/07,,8.33,"50,09,375.88"
13/07/2026,IMPS/OIYTy4/RZPY/CR,,22.88,"50,09,398.76"
13/07/2026,UPI/OPwZou/PAYMENT/REF,,13.61,"50,09,412.37"
13/07/2026,RTGS/OZK0uF/RAZORPAY/COLLECTION,,432.86,"50,09,845.23"
13/07/2026,NEFT-RAZORPAY-P6L079-SETTLEMENT,,11.62,"50,09,856.85"
13/07/2026,NEFT-RAZORPAY-PAYGAUJQ-SETTLEMENT,,55.04,"50,09,911.89"
13/07/2026,BY TRANSFER-NEFT*rfnd_QVmvb0*RAZORPAY SOFTWARE,41.51,,"50,09,870.38"
13/07/2026,NEFT-RAZORPAY-RP7vOU-SETTLEMENT,,87.05,"50,09,957.43"
13/07/2026,NEFT-RAZORPAY-s1d9Wo-SETTLEMENT,,29.31,"50,09,986.74"
13/07/2026,NEFT-RAZORPAY-SywyoP-SETTLEMENT,,28.82,"50,10,015.56"
13/07/2026,UPI/tV6zki/PAYMENT/REF,,96.80,"50,10,112.36"
13/07/2026,  MPS/vqwBtj/RAZORPAY SOFTWARE PVT LTD  ,,11.61,"50,10,123.97"
13/07/2026,IMPS/ykwP7q/RZPY/CR,,56.70,"50,10,180.67"
14/07/2026,BY TRANSFER-NEFT*2iejeq*RAZORPAY SOFTWARE,,108.64,"50,10,289.31"
14/07/2026,  MPS/4F4Iq7/RAZORPAY SOFTWARE PVT LTD  ,,88.03,"50,10,377.34"
14/07/2026,NEFT/RAZORPAY/BqjR5o/SETTLEMENT,,36.55,"50,10,413.89"
14/07/2026,TRF FROM RAZORPAY REF Bt9PNO DT 14/07,,904.67,"50,11,318.56"
14/07/2026,  MPS/D5S2E7/RAZORPAY SOFTWARE PVT LTD  ,,454.44,"50,11,773.00"
14/07/2026,NEFT-RAZORPAY-d9vYRt-SETTLEMENT,,22.21,"50,11,795.21"
14/07/2026,NEFT/RAZORPAY/FR4xed/SETTLEMENT,,103.35,"50,11,898.56"
14/07/2026,BY TRANSFER-NEFT*jlRawz*RAZORPAY SOFTWARE,,18.08,"50,11,916.64"
14/07/2026,RTGS/kSKKhe/RAZORPAY/COLLECTION,,14.36,"50,11,931.00"
14/07/2026,NEFT/RAZORPAY/n0fHFi/SETTLEMENT,,169.79,"50,12,100.79"
14/07/2026,NEFT-RAZORPAY-nbJj1b-SETTLEMENT,,8.13,"50,12,108.92"
14/07/2026,NEFT-RAZORPAY-NV6f9N-SETTLEMENT,,51.50,"50,12,160.42"
14/07/2026,RTGS/p8bDDB/RAZORPAY/COLLECTION,,33.37,"50,12,193.79"
14/07/2026,UPI/QtHxy3/PAYMENT/REF,,85.53,"50,12,279.32"
15/07/2026,RTGS/Cxuscl/RAZORPAY/COLLECTION,,91.90,"50,12,371.22"
15/07/2026,BY TRANSFER-NEFT*d3JiMx*RAZORPAY SOFTWARE,,104.04,"50,12,475.26"
15/07/2026,NEFT/RAZORPAY/envA9S/SETTLEMENT,,34.80,"50,12,510.06"
15/07/2026,BY TRANSFER-NEFT*HklN5p*RAZORPAY SOFTWARE,,1.13,"50,12,511.19"
15/07/2026,UPI/KTqGSC/PAYMENT/REF,,54.79,"50,12,565.98"
15/07/2026,NEFT-RAZORPAY-lYhfZf-SETTLEMENT,,45.58,"50,12,611.56"
15/07/2026,UPI/mWo5Id/PAYMENT/REF,,244.09,"50,12,855.65"
15/07/2026,BY TRANSFER-NEFT*PAYYN7AK*RAZORPAY SOFTWARE,,14.16,"50,12,869.81"
15/07/2026,IMPS/QfIj0Y/RZPY/CR,,33.44,"50,12,903.25"
15/07/2026,RTGS/QOLLwo/RAZORPAY/COLLECTION,,122.99,"50,13,026.24"
15/07/2026,TRF FROM RAZORPAY REF SKBSEV DT 15/07,,25.81,"50,13,052.05"
15/07/2026,  MPS/v0J3jA/RAZORPAY SOFTWARE PVT LTD  ,,438.64,"50,13,490.69"
15/07/2026,NEFT-RAZORPAY-WW2uWC-SETTLEMENT,,284.55,"50,13,775.24"
16/07/2026,BY TRANSFER-NEFT*2HA3MC*RAZORPAY SOFTWARE,,40.48,"50,13,815.72"
16/07/2026,  MPS/6B78UH/RAZORPAY SOFTWARE PVT LTD  ,,84.69,"50,13,900.41"
16/07/2026,UPI/7gGqdx/PAYMENT/REF,,109.35,"50,14,009.76"
16/07/2026,BY TRANSFER-NEFT*7tUBL3*RAZORPAY SOFTWARE,,16.40,"50,14,026.16"
16/07/2026,UPI/877QuU/PAYMENT/REF,,44.09,"50,14,070.25"
16/07/2026,  MPS/ciXkB6/RAZORPAY SOFTWARE PVT LTD  ,,75.77,"50,14,146.02"
16/07/2026,BY TRANSFER-NEFT*D8BbLL*RAZORPAY SOFTWARE,,170.97,"50,14,316.99"
16/07/2026,NEFT/RAZORPAY/Eid1bg/SETTLEMENT,,178.66,"50,14,495.65"
16/07/2026,NEFT/RAZORPAY/EtagbW/SETTLEMENT,,64.97,"50,14,560.62"
16/07/2026,TRF FROM RAZORPAY REF fXuevL DT 16/07,,5.87,"50,14,566.49"
16/07/2026,NEFT-RAZORPAY-gMEhfm-SETTLEMENT,,51.01,"50,14,617.50"
16/07/2026,IMPS/k3TqyY/RZPY/CR,,23.69,"50,14,641.19"
16/07/2026,RTGS/KR6iZJ/RAZORPAY/COLLECTION,,9.72,"50,14,650.91"
16/07/2026,IMPS/Loe9Zf/RZPY/CR,,69.82,"50,14,720.73"
16/07/2026,BY TRANSFER-NEFT*Nj5BWy*RAZORPAY SOFTWARE,,"1,697.29","50,16,418.02"
16/07/2026,NEFT-RAZORPAY-O0EhzY-SETTLEMENT,,63.46,"50,16,481.48"
16/07/2026,  MPS/p03J4x/RAZORPAY SOFTWARE PVT LTD  ,,9.91,"50,16,491.39"
16/07/2026,NEFT-RAZORPAY-PAYU5O4Y-SETTLEMENT,,15.13,"50,16,506.52"
16/07/2026,TRF FROM RAZORPAY REF PAYXDPUS DT 16/07,,13.50,"50,16,520.02"
16/07/2026,BY TRANSFER-NEFT*rfnd_06c3pv*RAZORPAY SOFTWARE,22.76,,"50,16,497.26"
16/07/2026,IMPS/RjAGVL/RZPY/CR,,31.70,"50,16,528.96"
16/07/2026,RTGS/V2OfFu/RAZORPAY/COLLECTION,,56.70,"50,16,585.66"
16/07/2026,BY TRANSFER-NEFT*x3zg7b*RAZORPAY SOFTWARE,,56.56,"50,16,642.22"
16/07/2026,NEFT-RAZORPAY-YUhZx9-SETTLEMENT,,32.15,"50,16,674.37"
17/07/2026,NEFT/RAZORPAY/0psnnR/SETTLEMENT,,225.30,"50,16,899.67"
17/07/2026,NEFT-RAZORPAY-1ZKYCE-SETTLEMENT,,76.01,"50,16,975.68"
17/07/2026,NEFT/RAZORPAY/6EwxxK/SETTLEMENT,,103.26,"50,17,078.94"
17/07/2026,TRF FROM RAZORPAY REF 7nRpDc DT 17/07,,57.21,"50,17,136.15"
17/07/2026,  MPS/9Fw5O8/RAZORPAY SOFTWARE PVT LTD  ,,9.70,"50,17,145.85"
17/07/2026,UPI/atUP8F/PAYMENT/REF,,46.84,"50,17,192.69"
17/07/2026,RTGS/bDf61O/RAZORPAY/COLLECTION,,131.55,"50,17,324.24"
17/07/2026,NEFT/RAZORPAY/coVhVU/SETTLEMENT,,109.11,"50,17,433.35"
17/07/2026,NEFT/RAZORPAY/HnI7KZ/SETTLEMENT,,68.79,"50,17,502.14"
17/07/2026,  MPS/jduEBN/RAZORPAY SOFTWARE PVT LTD  ,,17.13,"50,17,519.27"
17/07/2026,RTGS/JJheO0/RAZORPAY/COLLECTION,,7.89,"50,17,527.16"
17/07/2026,RTGS/JlUgBR/RAZORPAY/COLLECTION,,21.74,"50,17,548.90"
17/07/2026,IMPS/jv6nGi/RZPY/CR,,44.61,"50,17,593.51"
17/07/2026,IMPS/l1T1Zr/RZPY/CR,,15.78,"50,17,609.29"
17/07/2026,IMPS/mOHgbH/RZPY/CR,,30.95,"50,17,640.24"
17/07/2026,TRF FROM RAZORPAY REF MZBLTX DT 17/07,,9.08,"50,17,649.32"
17/07/2026,RTGS/PAYPYSSG/RAZORPAY/COLLECTION,,19.79,"50,17,669.11"
17/07/2026,  MPS/pCZg2L/RAZORPAY SOFTWARE PVT LTD  ,,18.47,"50,17,687.58"
17/07/2026,NEFT/RAZORPAY/pgGyKJ/SETTLEMENT,,14.32,"50,17,701.90"
17/07/2026,IMPS/pJW2kC/RZPY/CR,,20.26,"50,17,722.16"
17/07/2026,RTGS/uNypjX/RAZORPAY/COLLECTION,,22.14,"50,17,744.30"
17/07/2026,RTGS/V97MGq/RAZORPAY/COLLECTION,,87.73,"50,17,832.03"
17/07/2026,IMPS/vItkRH/RZPY/CR,,17.83,"50,17,849.86"
17/07/2026,NEFT/RAZORPAY/wli3Mo/SETTLEMENT,,71.79,"50,17,921.65"
17/07/2026,NEFT/RAZORPAY/WlJ35z/SETTLEMENT,,"3,400.30","50,21,321.95"
17/07/2026,  MPS/wsK8VS/RAZORPAY SOFTWARE PVT LTD  ,,69.86,"50,21,391.81"
17/07/2026,  MPS/zpU4uL/RAZORPAY SOFTWARE PVT LTD  ,,15.88,"50,21,407.69"
17/07/2026,RTGS/zXof1u/RAZORPAY/COLLECTION,,43.84,"50,21,451.53"
18/07/2026,UPI/1q4s5m/PAYMENT/REF,,54.07,"50,21,505.60"
18/07/2026,UPI/7YohXZ/PAYMENT/REF,,176.04,"50,21,681.64"
18/07/2026,IMPS/9hTHIU/RZPY/CR,,85.54,"50,21,767.18"
18/07/2026,UPI/9Mv3hm/PAYMENT/REF,,57.20,"50,21,824.38"
18/07/2026,IMPS/BCX57w/RZPY/CR,,279.76,"50,22,104.14"
18/07/2026,IMPS/cfmQAP/RZPY/CR,,7.07,"50,22,111.21"
18/07/2026,RTGS/dA05ht/RAZORPAY/COLLECTION,,125.23,"50,22,236.44"
18/07/2026,BY TRANSFER-NEFT*EV4OMW*RAZORPAY SOFTWARE,,9.25,"50,22,245.69"
18/07/2026,  MPS/g6NoZ5/RAZORPAY SOFTWARE PVT LTD  ,,96.26,"50,22,341.95"
18/07/2026,IMPS/OSbg55/RZPY/CR,,28.60,"50,22,370.55"
18/07/2026,NEFT-RAZORPAY-tqLUS6-SETTLEMENT,,46.37,"50,22,416.92"
18/07/2026,BY TRANSFER-NEFT*U9pIIn*RAZORPAY SOFTWARE,,16.09,"50,22,433.01"
18/07/2026,IMPS/VSPIJY/RZPY/CR,,64.46,"50,22,497.47"
18/07/2026,NEFT-RAZORPAY-VvH5om-SETTLEMENT,,27.76,"50,22,525.23"
18/07/2026,  MPS/YlEmXX/RAZORPAY SOFTWARE PVT LTD  ,,8.36,"50,22,533.59"
18/07/2026,NEFT-RAZORPAY-zEXZLD-SETTLEMENT,,50.28,"50,22,583.87"
19/07/2026,IMPS/6sA85A/RZPY/CR,,10.53,"50,22,594.40"
19/07/2026,IMPS/9oZU4H/RZPY/CR,,170.69,"50,22,765.09"
19/07/2026,IMPS/9t3GT2/RZPY/CR,,27.91,"50,22,793.00"
19/07/2026,IMPS/BC62z4/RZPY/CR,,189.99,"50,22,982.99"
19/07/2026,TRF FROM RAZORPAY REF bZbjGe DT 19/07,,12.76,"50,22,995.75"
19/07/2026,  MPS/d992lb/RAZORPAY SOFTWARE PVT LTD  ,,93.49,"50,23,089.24"
19/07/2026,NEFT-RAZORPAY-dJwvPG-SETTLEMENT,,23.79,"50,23,113.03"
19/07/2026,NEFT/RAZORPAY/FAnaPA/SETTLEMENT,,11.69,"50,23,124.72"
19/07/2026,NEFT/RAZORPAY/fxXotA/SETTLEMENT,,58.02,"50,23,182.74"
19/07/2026,UPI/hwVQun/PAYMENT/REF,,38.95,"50,23,221.69"
19/07/2026,UPI/i60VuU/PAYMENT/REF,,41.30,"50,23,262.99"
19/07/2026,  MPS/jlcdZN/RAZORPAY SOFTWARE PVT LTD  ,,34.69,"50,23,297.68"
19/07/2026,TRF FROM RAZORPAY REF JmkyBj DT 19/07,,13.18,"50,23,310.86"
19/07/2026,NEFT/RAZORPAY/lXo7oK/SETTLEMENT,,226.91,"50,23,537.77"
19/07/2026,  MPS/M7czyj/RAZORPAY SOFTWARE PVT LTD  ,,8.71,"50,23,546.48"
19/07/2026,RTGS/nWrVyp/RAZORPAY/COLLECTION,,62.09,"50,23,608.57"
19/07/2026,NEFT/RAZORPAY/OJVb83/SETTLEMENT,,151.54,"50,23,760.11"
19/07/2026,RTGS/PAY0LKLC/RAZORPAY/COLLECTION,,35.06,"50,23,795.17"
19/07/2026,NEFT-RAZORPAY-PAY5MFSX-SETTLEMENT,,121.84,"50,23,917.01"
19/07/2026,NEFT-RAZORPAY-phEP0R-SETTLEMENT,,64.41,"50,23,981.42"
19/07/2026,NEFT/RAZORPAY/rfnd_G561Ge/SETTLEMENT,18.10,,"50,23,963.32"
19/07/2026,UPI/tElDcn/PAYMENT/REF,,105.26,"50,24,068.58"
19/07/2026,NEFT-RAZORPAY-uqQNDv-SETTLEMENT,,12.31,"50,24,080.89"
19/07/2026,  MPS/vT7Cux/RAZORPAY SOFTWARE PVT LTD  ,,249.43,"50,24,330.32"
19/07/2026,  MPS/Y1uOeo/RAZORPAY SOFTWARE PVT LTD  ,,53.27,"50,24,383.59"
19/07/2026,TRF FROM RAZORPAY REF zRINsE DT 19/07,,3.29,"50,24,386.88"
20/07/2026,BY TRANSFER-NEFT*0obrfL*RAZORPAY SOFTWARE,,34.69,"50,24,421.57"
20/07/2026,UPI/458num/PAYMENT/REF,,17.37,"50,24,438.94"
20/07/2026,TRF FROM RAZORPAY REF 4lavpo DT 20/07,,193.60,"50,24,632.54"
20/07/2026,NEFT-RAZORPAY-9YcQ0I-SETTLEMENT,,94.16,"50,24,726.70"
20/07/2026,BY TRANSFER-NEFT*BDGfEh*RAZORPAY SOFTWARE,,5.81,"50,24,732.51"
20/07/2026,NEFT-RAZORPAY-DJVDX8-SETTLEMENT,,17.04,"50,24,749.55"
20/07/2026,RTGS/e3BNNH/RAZORPAY/COLLECTION,,7.55,"50,24,757.10"
20/07/2026,IMPS/fhZupR/RZPY/CR,,13.37,"50,24,770.47"
20/07/2026,RTGS/InOBIl/RAZORPAY/COLLECTION,,154.49,"50,24,924.96"
20/07/2026,NEFT-RAZORPAY-kfjlj3-SETTLEMENT,,110.55,"50,25,035.51"
20/07/2026,UPI/NW8B0B/PAYMENT/REF,,143.64,"50,25,179.15"
20/07/2026,TRF FROM RAZORPAY REF oIoW5H DT 20/07,,6.83,"50,25,185.98"
20/07/2026,IMPS/OlTOmR/RZPY/CR,,45.16,"50,25,231.14"
20/07/2026,RTGS/pehMHa/RAZORPAY/COLLECTION,,24.01,"50,25,255.15"
20/07/2026,NEFT/RAZORPAY/PlSbnR/SETTLEMENT,,34.09,"50,25,289.24"
20/07/2026,NEFT/RAZORPAY/QogwtG/SETTLEMENT,,15.47,"50,25,304.71"
20/07/2026,NEFT/RAZORPAY/rfnd_6iS4Te/SETTLEMENT,3.68,,"50,25,301.03"
20/07/2026,NEFT/RAZORPAY/rfnd_9oZU4H/SETTLEMENT,127.05,,"50,25,173.98"
20/07/2026,BY TRANSFER-NEFT*vHLpSl*RAZORPAY SOFTWARE,,35.21,"50,25,209.19"
21/07/2026,NEFT/RAZORPAY/6JEv5I/SETTLEMENT,,7.36,"50,25,216.55"
21/07/2026,BY TRANSFER-NEFT*8cUAgm*RAZORPAY SOFTWARE,,35.15,"50,25,251.70"
21/07/2026,RTGS/Dq2LkB/RAZORPAY/COLLECTION,,78.82,"50,25,330.52"
21/07/2026,TRF FROM RAZORPAY REF fNm3NK DT 21/07,,19.85,"50,25,350.37"
21/07/2026,BY TRANSFER-NEFT*fyBbYG*RAZORPAY SOFTWARE,,19.75,"50,25,370.12"
21/07/2026,BY TRANSFER-NEFT*h7dU0N*RAZORPAY SOFTWARE,,59.52,"50,25,429.64"
21/07/2026,TRF FROM RAZORPAY REF h7dU0N DT 21/07,,59.52,"50,25,489.16"
21/07/2026,TRF FROM RAZORPAY REF jhB8u3 DT 21/07,,10.65,"50,25,499.81"
21/07/2026,RTGS/jRD26m/RAZORPAY/COLLECTION,,33.45,"50,25,533.26"
21/07/2026,RTGS/MWHM98/RAZORPAY/COLLECTION,,604.18,"50,26,137.44"
21/07/2026,RTGS/ObBMjI/RAZORPAY/COLLECTION,,37.09,"50,26,174.53"
21/07/2026,  MPS/P9K64k/RAZORPAY SOFTWARE PVT LTD  ,,88.87,"50,26,263.40"
21/07/2026,BY TRANSFER-NEFT*PAYIFN6S*RAZORPAY SOFTWARE,,33.65,"50,26,297.05"
21/07/2026,UPI/PAYPQDRS/PAYMENT/REF,,15.61,"50,26,312.66"
21/07/2026,TRF FROM RAZORPAY REF PAYTLVIX DT 21/07,,181.00,"50,26,493.66"
21/07/2026,IMPS/phIit8/RZPY/CR,,13.70,"50,26,507.36"
21/07/2026,BY TRANSFER-NEFT*pVCQJj*RAZORPAY SOFTWARE,,29.18,"50,26,536.54"
21/07/2026,TRF FROM RAZORPAY REF rtwWg2 DT 21/07,,62.42,"50,26,598.96"
21/07/2026,RTGS/ZAkKOW/RAZORPAY/COLLECTION,,39.31,"50,26,638.27"
22/07/2026,BY TRANSFER-NEFT*1lE64E*RAZORPAY SOFTWARE,,"1,220.53","50,27,858.80"
22/07/2026,UPI/2cUInz/PAYMENT/REF,,6.76,"50,27,865.56"
22/07/2026,RTGS/4Nsq61/RAZORPAY/COLLECTION,,683.50,"50,28,549.06"
22/07/2026,NEFT-RAZORPAY-5B2IRK-SETTLEMENT,,65.17,"50,28,614.23"
22/07/2026,BY TRANSFER-NEFT*6B3GoA*RAZORPAY SOFTWARE,,70.76,"50,28,684.99"
22/07/2026,TRF FROM RAZORPAY REF BVdWcw DT 22/07,,8.43,"50,28,693.42"
22/07/2026,NEFT-RAZORPAY-CPs3zN-SETTLEMENT,,22.02,"50,28,715.44"
22/07/2026,BY TRANSFER-NEFT*i4EPP9*RAZORPAY SOFTWARE,,21.61,"50,28,737.05"
22/07/2026,IMPS/jDIDca/RZPY/CR,,76.17,"50,28,813.22"
22/07/2026,NEFT/RAZORPAY/KkZ86R/SETTLEMENT,,52.40,"50,28,865.62"
22/07/2026,IMPS/kYgzgw/RZPY/CR,,153.76,"50,29,019.38"
22/07/2026,  MPS/liuxfi/RAZORPAY SOFTWARE PVT LTD  ,,60.47,"50,29,079.85"
22/07/2026,NEFT-RAZORPAY-MEXyJL-SETTLEMENT,,68.27,"50,29,148.12"
22/07/2026,UPI/o77ooi/PAYMENT/REF,,169.77,"50,29,317.89"
22/07/2026,RTGS/oDpD54/RAZORPAY/COLLECTION,,536.56,"50,29,854.45"
22/07/2026,NEFT/RAZORPAY/PAYJARFA/SETTLEMENT,,105.43,"50,29,959.88"
22/07/2026,  MPS/rfnd_p03J4x/RAZORPAY SOFTWARE PVT LTD  ,2.50,,"50,29,957.38"
22/07/2026,BY TRANSFER-NEFT*Rjf94W*RAZORPAY SOFTWARE,,36.47,"50,29,993.85"
22/07/2026,BY TRANSFER-NEFT*RWqveL*RAZORPAY SOFTWARE,,12.90,"50,30,006.75"
22/07/2026,IMPS/tanQHr/RZPY/CR,,23.80,"50,30,030.55"
22/07/2026,  MPS/YkVisj/RAZORPAY SOFTWARE PVT LTD  ,,166.83,"50,30,197.38"
23/07/2026,NEFT/RAZORPAY/069adP/SETTLEMENT,,28.44,"50,30,225.82"
23/07/2026,RTGS/6xsmR3/RAZORPAY/COLLECTION,,32.06,"50,30,257.88"
23/07/2026,NEFT-RAZORPAY-9BE0b8-SETTLEMENT,,250.04,"50,30,507.92"
23/07/2026,NEFT/RAZORPAY/c5VLhP/SETTLEMENT,,137.56,"50,30,645.48"
23/07/2026,UPI/cA67jm/PAYMENT/REF,,"1,014.00","50,31,659.48"
23/07/2026,IMPS/GGCZam/RZPY/CR,,100.54,"50,31,760.02"
23/07/2026,BY TRANSFER-NEFT*NTsvmG*RAZORPAY SOFTWARE,,35.11,"50,31,795.13"
23/07/2026,  MPS/OXh39G/RAZORPAY SOFTWARE PVT LTD  ,,275.91,"50,32,071.04"
23/07/2026,NEFT/RAZORPAY/qxG8Uk/SETTLEMENT,,275.24,"50,32,346.28"
23/07/2026,NEFT/RAZORPAY/Tvu4NH/SETTLEMENT,,66.07,"50,32,412.35"
23/07/2026,TRF FROM RAZORPAY REF VgYreh DT 23/07,,148.40,"50,32,560.75"
23/07/2026,UPI/XcmIPl/PAYMENT/REF,,58.45,"50,32,619.20"
23/07/2026,RTGS/ydhLDS/RAZORPAY/COLLECTION,,43.05,"50,32,662.25"
23/07/2026,BY TRANSFER-NEFT*ZIuHBv*RAZORPAY SOFTWARE,,50.50,"50,32,712.75"
23/07/2026,RTGS/ZXRiru/RAZORPAY/COLLECTION,,79.23,"50,32,791.98"
24/07/2026,BY TRANSFER-NEFT*0J7M1a*RAZORPAY SOFTWARE,,130.01,"50,32,921.99"
24/07/2026,NEFT/RAZORPAY/5CfkmA/SETTLEMENT,,19.51,"50,32,941.50"
24/07/2026,NEFT/RAZORPAY/7NkLar/SETTLEMENT,,38.67,"50,32,980.17"
24/07/2026,  MPS/dv1lkT/RAZORPAY SOFTWARE PVT LTD  ,,99.32,"50,33,079.49"
24/07/2026,NEFT/RAZORPAY/eaICs2/SETTLEMENT,,6.27,"50,33,085.76"
24/07/2026,NEFT-RAZORPAY-iDm511-SETTLEMENT,,31.34,"50,33,117.10"
24/07/2026,NEFT-RAZORPAY-KSNtDB-SETTLEMENT,,11.54,"50,33,128.64"
24/07/2026,IMPS/LFzXF8/RZPY/CR,,80.33,"50,33,208.97"
24/07/2026,TRF FROM RAZORPAY REF mk765b DT 24/07,,58.23,"50,33,267.20"
24/07/2026,NEFT/RAZORPAY/mRaWo6/SETTLEMENT,,120.58,"50,33,387.78"
24/07/2026,TRF FROM RAZORPAY REF PAYBVUJQ DT 24/07,,293.69,"50,33,681.47"
24/07/2026,NEFT-RAZORPAY-PAYE5CLB-SETTLEMENT,,45.57,"50,33,727.04"
24/07/2026,NEFT-RAZORPAY-PAYZTDW4-SETTLEMENT,,75.56,"50,33,802.60"
24/07/2026,UPI/pjqmAQ/PAYMENT/REF,,271.98,"50,34,074.58"
24/07/2026,NEFT-RAZORPAY-R2z7Wu-SETTLEMENT,,56.48,"50,34,131.06"
24/07/2026,  MPS/R5Oys2/RAZORPAY SOFTWARE PVT LTD  ,,170.95,"50,34,302.01"
24/07/2026,IMPS/R9j688/RZPY/CR,,96.67,"50,34,398.68"
24/07/2026,TRF FROM RAZORPAY REF UD3kuu DT 24/07,,56.04,"50,34,454.72"
24/07/2026,IMPS/UkbudP/RZPY/CR,,143.78,"50,34,598.50"
24/07/2026,UPI/V0KGH7/PAYMENT/REF,,61.70,"50,34,660.20"
25/07/2026,IMPS/4hRQVk/RZPY/CR,,5.08,"50,34,665.28"
25/07/2026,TRF FROM RAZORPAY REF 9SAafL DT 25/07,,29.70,"50,34,694.98"
25/07/2026,RTGS/DSAQES/RAZORPAY/COLLECTION,,14.16,"50,34,709.14"
25/07/2026,NEFT/RAZORPAY/FOuvNh/SETTLEMENT,,32.72,"50,34,741.86"
25/07/2026,UPI/Fz1VVQ/PAYMENT/REF,,63.80,"50,34,805.66"
25/07/2026,RTGS/iKBcfs/RAZORPAY/COLLECTION,,114.64,"50,34,920.30"
25/07/2026,BY TRANSFER-NEFT*InoRxA*RAZORPAY SOFTWARE,,147.02,"50,35,067.32"
25/07/2026,NEFT-RAZORPAY-mDLair-SETTLEMENT,,51.63,"50,35,118.95"
25/07/2026,RTGS/PAY7QLGJ/RAZORPAY/COLLECTION,,43.16,"50,35,162.11"
25/07/2026,  MPS/pS6tDY/RAZORPAY SOFTWARE PVT LTD  ,,27.16,"50,35,189.27"
25/07/2026,TRF FROM RAZORPAY REF Qgcnoo DT 25/07,,11.01,"50,35,200.28"
25/07/2026,  MPS/QOPozl/RAZORPAY SOFTWARE PVT LTD  ,,9.35,"50,35,209.63"
25/07/2026,RTGS/Rd4r2a/RAZORPAY/COLLECTION,,16.68,"50,35,226.31"
25/07/2026,TRF FROM RAZORPAY REF rfnd_ciXkB6 DT 25/07,19.39,,"50,35,206.92"
25/07/2026,  MPS/vym093/RAZORPAY SOFTWARE PVT LTD  ,,82.62,"50,35,289.54"
25/07/2026,NEFT/RAZORPAY/vym093/SETTLEMENT,,82.62,"50,35,372.16"
25/07/2026,BY TRANSFER-NEFT*XJPnlc*RAZORPAY SOFTWARE,,13.36,"50,35,385.52"
25/07/2026,NEFT/RAZORPAY/xvuM1S/SETTLEMENT,,56.68,"50,35,442.20"
25/07/2026,TRF FROM RAZORPAY REF ZwWQe3 DT 25/07,,8.21,"50,35,450.41"
26/07/2026,BY TRANSFER-NEFT*2w20z9*RAZORPAY SOFTWARE,,14.82,"50,35,465.23"
26/07/2026,TRF FROM RAZORPAY REF 4VgNo3 DT 26/07,,37.25,"50,35,502.48"
26/07/2026,NEFT/RAZORPAY/ITbQxr/SETTLEMENT,,12.21,"50,35,514.69"
26/07/2026,RTGS/J1w1Vp/RAZORPAY/COLLECTION,,54.68,"50,35,569.37"
26/07/2026,UPI/lrYkRr/PAYMENT/REF,,9.74,"50,35,579.11"
26/07/2026,UPI/oRUYUa/PAYMENT/REF,,81.92,"50,35,661.03"
26/07/2026,UPI/PBm793/PAYMENT/REF,,46.35,"50,35,707.38"
26/07/2026,NEFT/RAZORPAY/qx0YjU/SETTLEMENT,,32.79,"50,35,740.17"
26/07/2026,  MPS/rCfsfa/RAZORPAY SOFTWARE PVT LTD  ,,46.13,"50,35,786.30"
26/07/2026,RTGS/RwEfKC/RAZORPAY/COLLECTION,,157.15,"50,35,943.45"
26/07/2026,IMPS/v74Wxv/RZPY/CR,,60.44,"50,36,003.89"
26/07/2026,NEFT-RAZORPAY-VcDeJf-SETTLEMENT,,82.94,"50,36,086.83"
26/07/2026,NEFT/RAZORPAY/wMIxPs/SETTLEMENT,,28.75,"50,36,115.58"
26/07/2026,RTGS/XOq115/RAZORPAY/COLLECTION,,175.26,"50,36,290.84"
26/07/2026,IMPS/ypivhT/RZPY/CR,,56.41,"50,36,347.25"
26/07/2026,UPI/ZFac2m/PAYMENT/REF,,13.56,"50,36,360.81"
27/07/2026,  MPS/C8BZIW/RAZORPAY SOFTWARE PVT LTD  ,,139.88,"50,36,500.69"
27/07/2026,IMPS/H05ZBk/RZPY/CR,,396.18,"50,36,896.87"
27/07/2026,RTGS/hCaUxt/RAZORPAY/COLLECTION,,20.35,"50,36,917.22"
27/07/2026,RTGS/hSEEi0/RAZORPAY/COLLECTION,,89.56,"50,37,006.78"
27/07/2026,BY TRANSFER-NEFT*iJCBVb*RAZORPAY SOFTWARE,,65.88,"50,37,072.66"
27/07/2026,NEFT-RAZORPAY-JF8bHi-SETTLEMENT,,88.74,"50,37,161.40"
27/07/2026,UPI/jQlJsG/PAYMENT/REF,,13.94,"50,37,175.34"
27/07/2026,UPI/lEurMG/PAYMENT/REF,,109.60,"50,37,284.94"
27/07/2026,NEFT-RAZORPAY-mkeuAP-SETTLEMENT,,21.79,"50,37,306.73"
27/07/2026,  MPS/N8xKtY/RAZORPAY SOFTWARE PVT LTD  ,,29.39,"50,37,336.12"
27/07/2026,TRF FROM RAZORPAY REF rfnd_dv1lkT DT 27/07,62.54,,"50,37,273.58"
27/07/2026,NEFT-RAZORPAY-ROlHas-SETTLEMENT,,253.45,"50,37,527.03"
27/07/2026,IMPS/tMjoh7/RZPY/CR,,73.87,"50,37,600.90"
27/07/2026,NEFT/RAZORPAY/tVZuGG/SETTLEMENT,,6.37,"50,37,607.27"
27/07/2026,RTGS/vrvC6D/RAZORPAY/COLLECTION,,16.38,"50,37,623.65"
27/07/2026,BY TRANSFER-NEFT*WEPBKN*RAZORPAY SOFTWARE,,64.14,"50,37,687.79"
27/07/2026,NEFT/RAZORPAY/ZEsgll/SETTLEMENT,,60.39,"50,37,748.18"
27/07/2026,NEFT/RAZORPAY/Zl4Fom/SETTLEMENT,,94.50,"50,37,842.68"
27/07/2026,TRF FROM RAZORPAY REF zxSHda DT 27/07,,43.72,"50,37,886.40"
28/07/2026,NEFT-RAZORPAY-1VRdpd-SETTLEMENT,,144.74,"50,38,031.14"
28/07/2026,TRF FROM RAZORPAY REF 3hZjsx DT 28/07,,156.33,"50,38,187.47"
28/07/2026,TRF FROM RAZORPAY REF 5o2E9b DT 28/07,,19.78,"50,38,207.25"
28/07/2026,UPI/73JZdb/PAYMENT/REF,,145.81,"50,38,353.06"
28/07/2026,NEFT/RAZORPAY/BrPRPQ/SETTLEMENT,,26.09,"50,38,379.15"
28/07/2026,  MPS/dhp39d/RAZORPAY SOFTWARE PVT LTD  ,,17.87,"50,38,397.02"
28/07/2026,UPI/DmJI31/PAYMENT/REF,,929.51,"50,39,326.53"
28/07/2026,BY TRANSFER-NEFT*DoDUS9*RAZORPAY SOFTWARE,,152.99,"50,39,479.52"
28/07/2026,  MPS/hH1uiY/RAZORPAY SOFTWARE PVT LTD  ,,5.48,"50,39,485.00"
28/07/2026,RTGS/Ii5dya/RAZORPAY/COLLECTION,,10.65,"50,39,495.65"
28/07/2026,IMPS/LPnDiT/RZPY/CR,,37.14,"50,39,532.79"
28/07/2026,  MPS/MkayFE/RAZORPAY SOFTWARE PVT LTD  ,,39.45,"50,39,572.24"
28/07/2026,IMPS/R2edQ4/RZPY/CR,,28.04,"50,39,600.28"
28/07/2026,TRF FROM RAZORPAY REF R74tfV DT 28/07,,121.12,"50,39,721.40"
28/07/2026,TRF FROM RAZORPAY REF SY4m91 DT 28/07,,242.95,"50,39,964.35"
28/07/2026,UPI/Ug0fos/PAYMENT/REF,,56.63,"50,40,020.98"
28/07/2026,BY TRANSFER-NEFT*uo82KC*RAZORPAY SOFTWARE,,4.56,"50,40,025.54"
28/07/2026,TRF FROM RAZORPAY REF VVmemg DT 28/07,,13.12,"50,40,038.66"
28/07/2026,TRF FROM RAZORPAY REF xKXH6r DT 28/07,,8.06,"50,40,046.72"
28/07/2026,RTGS/XN8UPz/RAZORPAY/COLLECTION,,133.66,"50,40,180.38"
29/07/2026,NEFT/RAZORPAY/3Hs9eG/SETTLEMENT,,3.81,"50,40,184.19"
29/07/2026,RTGS/7z6qqJ/RAZORPAY/COLLECTION,,84.37,"50,40,268.56"
29/07/2026,IMPS/E9WME6/RZPY/CR,,121.64,"50,40,390.20"
29/07/2026,UPI/faCznL/PAYMENT/REF,,173.06,"50,40,563.26"
29/07/2026,IMPS/FI7Ga3/RZPY/CR,,62.90,"50,40,626.16"
29/07/2026,TRF FROM RAZORPAY REF fqGHYg DT 29/07,,527.31,"50,41,153.47"
29/07/2026,BY TRANSFER-NEFT*L9XziM*RAZORPAY SOFTWARE,,112.33,"50,41,265.80"
29/07/2026,NEFT/RAZORPAY/LcXwrw/SETTLEMENT,,191.09,"50,41,456.89"
29/07/2026,  MPS/LT232F/RAZORPAY SOFTWARE PVT LTD  ,,11.41,"50,41,468.30"
29/07/2026,NEFT-RAZORPAY-LYYSGb-SETTLEMENT,,57.20,"50,41,525.50"
29/07/2026,NEFT-RAZORPAY-m3NX5j-SETTLEMENT,,24.07,"50,41,549.57"
29/07/2026,UPI/nELaoL/PAYMENT/REF,,344.84,"50,41,894.41"
29/07/2026,UPI/O8L5AZ/PAYMENT/REF,,29.34,"50,41,923.75"
29/07/2026,TRF FROM RAZORPAY REF PAY4FRJY DT 29/07,,29.52,"50,41,953.27"
29/07/2026,NEFT/RAZORPAY/PAYAAS5U/SETTLEMENT,,58.13,"50,42,011.40"
29/07/2026,UPI/PAYFH2B8/PAYMENT/REF,,265.13,"50,42,276.53"
29/07/2026,TRF FROM RAZORPAY REF PAYSWVAB DT 29/07,,16.25,"50,42,292.78"
29/07/2026,NEFT-RAZORPAY-pXEeE7-SETTLEMENT,,9.60,"50,42,302.38"
29/07/2026,UPI/SfHnBQ/PAYMENT/REF,,37.08,"50,42,339.46"
29/07/2026,UPI/TNvuMo/PAYMENT/REF,,30.40,"50,42,369.86"
30/07/2026,NEFT/RAZORPAY/2EI77x/SETTLEMENT,,39.48,"50,42,409.34"
30/07/2026,UPI/6gl9kh/PAYMENT/REF,,18.39,"50,42,427.73"
30/07/2026,  MPS/7WChdX/RAZORPAY SOFTWARE PVT LTD  ,,39.96,"50,42,467.69"
30/07/2026,UPI/ecw5zQ/PAYMENT/REF,,14.12,"50,42,481.81"
30/07/2026,NEFT/RAZORPAY/EVbLgY/SETTLEMENT,,719.55,"50,43,201.36"
30/07/2026,IMPS/hRV7oj/RZPY/CR,,9.08,"50,43,210.44"
30/07/2026,BY TRANSFER-NEFT*in4dAU*RAZORPAY SOFTWARE,,92.84,"50,43,303.28"
30/07/2026,UPI/lf04Lb/PAYMENT/REF,,107.27,"50,43,410.55"
30/07/2026,TRF FROM RAZORPAY REF LRZZpQ DT 30/07,,14.02,"50,43,424.57"
30/07/2026,IMPS/pkgrxm/RZPY/CR,,26.54,"50,43,451.11"
30/07/2026,RTGS/Tb0Oaj/RAZORPAY/COLLECTION,,71.71,"50,43,522.82"
30/07/2026,TRF FROM RAZORPAY REF u7WdHc DT 30/07,,18.35,"50,43,541.17"
30/07/2026,BY TRANSFER-NEFT*uKGhfp*RAZORPAY SOFTWARE,,83.03,"50,43,624.20"
30/07/2026,TRF FROM RAZORPAY REF vqDxCW DT 30/07,,65.99,"50,43,690.19"
30/07/2026,NEFT-RAZORPAY-xpP9SN-SETTLEMENT,,152.99,"50,43,843.18"
30/07/2026,  MPS/xZ6Oqk/RAZORPAY SOFTWARE PVT LTD  ,,6.64,"50,43,849.82"
30/07/2026,NEFT-RAZORPAY-YdCeR5-SETTLEMENT,,190.01,"50,44,039.83"
30/07/2026,  MPS/z9v95b/RAZORPAY SOFTWARE PVT LTD  ,,7.83,"50,44,047.66"
31/07/2026,UPI/77rfgc/PAYMENT/REF,,171.96,"50,44,219.62"
31/07/2026,IMPS/a315xN/RZPY/CR,,36.53,"50,44,256.15"
31/07/2026,NEFT-RAZORPAY-C15uIq-SETTLEMENT,,28.62,"50,44,284.77"
31/07/2026,  MPS/EtC4qk/RAZORPAY SOFTWARE PVT LTD  ,,6.91,"50,44,291.68"
31/07/2026,NEFT-RAZORPAY-gM4Kmx-SETTLEMENT,,161.45,"50,44,453.13"
31/07/2026,UPI/GxMYnD/PAYMENT/REF,,96.36,"50,44,549.49"
31/07/2026,  MPS/i6Yqf1/RAZORPAY SOFTWARE PVT LTD  ,,184.12,"50,44,733.61"
31/07/2026,NEFT-RAZORPAY-OTvJ6S-SETTLEMENT,,179.16,"50,44,912.77"
31/07/2026,IMPS/PAYFRTXP/RZPY/CR,,120.49,"50,45,033.26"
31/07/2026,UPI/rfnd_E9WME6/PAYMENT/REF,65.60,,"50,44,967.66"
31/07/2026,NEFT/RAZORPAY/rfnd_KSNtDB/SETTLEMENT,7.44,,"50,44,960.22"
31/07/2026,RTGS/Rz2b5f/RAZORPAY/COLLECTION,,252.06,"50,45,212.28"
31/07/2026,  MPS/tqygug/RAZORPAY SOFTWARE PVT LTD  ,,57.72,"50,45,270.00"
31/07/2026,TRF FROM RAZORPAY REF VnImoa DT 31/07,,197.37,"50,45,467.37"
31/07/2026,UPI/W6e70j/PAYMENT/REF,,13.58,"50,45,480.95"
31/07/2026,IMPS/wiENOq/RZPY/CR,,94.93,"50,45,575.88"
31/07/2026,TRF FROM RAZORPAY REF wPJrfG DT 31/07,,22.18,"50,45,598.06"
31/07/2026,  MPS/WUXxfh/RAZORPAY SOFTWARE PVT LTD  ,,34.11,"50,45,632.17"
31/07/2026,IMPS/z17TdG/RZPY/CR,,125.35,"50,45,757.52"
31/07/2026,IMPS/zNPfCd/RZPY/CR,,36.72,"50,45,794.24"
01/08/2026,  MPS/11wpHu/RAZORPAY SOFTWARE PVT LTD  ,,26.01,"50,45,820.25"
01/08/2026,NEFT/RAZORPAY/3JZP6k/SETTLEMENT,,7.58,"50,45,827.83"
01/08/2026,NEFT-RAZORPAY-a0o84v-SETTLEMENT,,150.76,"50,45,978.59"
01/08/2026,NEFT/RAZORPAY/azw5Oj/SETTLEMENT,,206.86,"50,46,185.45"
01/08/2026,IMPS/bQKP4a/RZPY/CR,,44.42,"50,46,229.87"
01/08/2026,TRF FROM RAZORPAY REF cKkwtj DT 01/08,,51.30,"50,46,281.17"
01/08/2026,  MPS/CyCcFm/RAZORPAY SOFTWARE PVT LTD  ,,13.66,"50,46,294.83"
01/08/2026,RTGS/DAuZI9/RAZORPAY/COLLECTION,,11.02,"50,46,305.85"
01/08/2026,UPI/dqfEZB/PAYMENT/REF,,148.28,"50,46,454.13"
01/08/2026,RTGS/E8kwAX/RAZORPAY/COLLECTION,,279.09,"50,46,733.22"
01/08/2026,BY TRANSFER-NEFT*FmxhM1*RAZORPAY SOFTWARE,,54.00,"50,46,787.22"
01/08/2026,UPI/h3PWVQ/PAYMENT/REF,,77.08,"50,46,864.30"
01/08/2026,  MPS/iEBNEW/RAZORPAY SOFTWARE PVT LTD  ,,25.37,"50,46,889.67"
01/08/2026,IMPS/k8lQ0H/RZPY/CR,,72.10,"50,46,961.77"
01/08/2026,NEFT/RAZORPAY/KdomQj/SETTLEMENT,,19.58,"50,46,981.35"
01/08/2026,BY TRANSFER-NEFT*KlwtbN*RAZORPAY SOFTWARE,,43.78,"50,47,025.13"
01/08/2026,UPI/kOtoT8/PAYMENT/REF,,22.73,"50,47,047.86"
01/08/2026,RTGS/lGco59/RAZORPAY/COLLECTION,,64.41,"50,47,112.27"
01/08/2026,RTGS/p4lELM/RAZORPAY/COLLECTION,,145.55,"50,47,257.82"
01/08/2026,NEFT-RAZORPAY-QkAzPM-SETTLEMENT,,7.12,"50,47,264.94"
01/08/2026,IMPS/qSSu5c/RZPY/CR,,24.56,"50,47,289.50"
01/08/2026,RTGS/rfnd_SfHnBQ/RAZORPAY/COLLECTION,10.26,,"50,47,279.24"
01/08/2026,RTGS/rxo6wf/RAZORPAY/COLLECTION,,21.80,"50,47,301.04"
01/08/2026,NEFT-RAZORPAY-syMO86-SETTLEMENT,,151.73,"50,47,452.77"
01/08/2026,BY TRANSFER-NEFT*VTsjZ6*RAZORPAY SOFTWARE,,40.52,"50,47,493.29"
01/08/2026,NEFT/RAZORPAY/VwJG7d/SETTLEMENT,,136.74,"50,47,630.03"
01/08/2026,UPI/W1qDuH/PAYMENT/REF,,11.77,"50,47,641.80"
01/08/2026,IMPS/XZBE0m/RZPY/CR,,43.35,"50,47,685.15"
02/08/2026,UPI/0j9bT6/PAYMENT/REF,,47.37,"50,47,732.52"
02/08/2026,  MPS/Ae3fOl/RAZORPAY SOFTWARE PVT LTD  ,,112.68,"50,47,845.20"
02/08/2026,RTGS/apVpmA/RAZORPAY/COLLECTION,,66.12,"50,47,911.32"
02/08/2026,UPI/BCaOBS/PAYMENT/REF,,30.70,"50,47,942.02"
02/08/2026,TRF FROM RAZORPAY REF ChyBqu DT 02/08,,50.88,"50,47,992.90"
02/08/2026,BY TRANSFER-NEFT*dcf9hM*RAZORPAY SOFTWARE,,73.65,"50,48,066.55"
02/08/2026,UPI/FTT47h/PAYMENT/REF,,43.55,"50,48,110.10"
02/08/2026,BY TRANSFER-NEFT*gjtey9*RAZORPAY SOFTWARE,,59.13,"50,48,169.23"
02/08/2026,NEFT/RAZORPAY/gSRjye/SETTLEMENT,,20.70,"50,48,189.93"
02/08/2026,NEFT/RAZORPAY/iPoTnj/SETTLEMENT,,882.26,"50,49,072.19"
02/08/2026,BY TRANSFER-NEFT*IUTVCC*RAZORPAY SOFTWARE,,4.81,"50,49,077.00"
02/08/2026,NEFT-RAZORPAY-nml7Hz-SETTLEMENT,,2.75,"50,49,079.75"
02/08/2026,NEFT/RAZORPAY/ntb4CQ/SETTLEMENT,,19.49,"50,49,099.24"
02/08/2026,UPI/NVGfyF/PAYMENT/REF,,43.60,"50,49,142.84"
02/08/2026,NEFT-RAZORPAY-o6Vszq-SETTLEMENT,,22.49,"50,49,165.33"
02/08/2026,RTGS/OOZQkY/RAZORPAY/COLLECTION,,22.11,"50,49,187.44"
02/08/2026,RTGS/QH76gw/RAZORPAY/COLLECTION,,34.35,"50,49,221.79"
02/08/2026,TRF FROM RAZORPAY REF Rpq2W3 DT 02/08,,32.16,"50,49,253.95"
02/08/2026,RTGS/SX5hAp/RAZORPAY/COLLECTION,,35.32,"50,49,289.27"
02/08/2026,RTGS/sz2la7/RAZORPAY/COLLECTION,,54.28,"50,49,343.55"
02/08/2026,UPI/UFBQxi/PAYMENT/REF,,16.35,"50,49,359.90"
02/08/2026,  MPS/V9Erte/RAZORPAY SOFTWARE PVT LTD  ,,116.81,"50,49,476.71"
02/08/2026,NEFT/RAZORPAY/yRmfId/SETTLEMENT,,95.79,"50,49,572.50"
02/08/2026,TRF FROM RAZORPAY REF YyN9af DT 02/08,,14.35,"50,49,586.85"
02/08/2026,TRF FROM RAZORPAY REF ZjLltX DT 02/08,,5.57,"50,49,592.42"
03/08/2026,UPI/Bx9Mps/PAYMENT/REF,,100.20,"50,49,692.62"
03/08/2026,RTGS/cBawxa/RAZORPAY/COLLECTION,,91.40,"50,49,784.02"
03/08/2026,UPI/D1WLfv/PAYMENT/REF,,26.04,"50,49,810.06"
03/08/2026,RTGS/fThWAt/RAZORPAY/COLLECTION,,11.13,"50,49,821.19"
03/08/2026,TRF FROM RAZORPAY REF iLGlky DT 03/08,,279.73,"50,50,100.92"
03/08/2026,TRF FROM RAZORPAY REF KDAs2M DT 03/08,,107.07,"50,50,207.99"
03/08/2026,NEFT-RAZORPAY-LOVLVu-SETTLEMENT,,441.32,"50,50,649.31"
03/08/2026,BY TRANSFER-NEFT*n3UWTN*RAZORPAY SOFTWARE,,12.82,"50,50,662.13"
03/08/2026,TRF FROM RAZORPAY REF PAYRCEFT DT 03/08,,22.50,"50,50,684.63"
03/08/2026,NEFT-RAZORPAY-PAYRFLC7-SETTLEMENT,,40.99,"50,50,725.62"
03/08/2026,RTGS/pfEA7y/RAZORPAY/COLLECTION,,307.75,"50,51,033.37"
03/08/2026,NEFT-RAZORPAY-rewxVb-SETTLEMENT,,103.76,"50,51,137.13"
03/08/2026,NEFT/RAZORPAY/S3p4fa/SETTLEMENT,,29.64,"50,51,166.77"
03/08/2026,IMPS/sZ5Ozc/RZPY/CR,,19.05,"50,51,185.82"
03/08/2026,BY TRANSFER-NEFT*vrDhFW*RAZORPAY SOFTWARE,,15.29,"50,51,201.11"
03/08/2026,IMPS/x0lfg4/RZPY/CR,,12.59,"50,51,213.70"
04/08/2026,NEFT/RAZORPAY/0BDDJh/SETTLEMENT,,50.43,"50,51,264.13"
04/08/2026,NEFT/RAZORPAY/3BBzvm/SETTLEMENT,,96.80,"50,51,360.93"
04/08/2026,NEFT-RAZORPAY-bdM1jh-SETTLEMENT,,12.96,"50,51,373.89"
04/08/2026,TRF FROM RAZORPAY REF DeKiMf DT 04/08,,6.20,"50,51,380.09"
04/08/2026,NEFT/RAZORPAY/dIL95v/SETTLEMENT,,6.01,"50,51,386.10"
04/08/2026,  MPS/F6ypxI/RAZORPAY SOFTWARE PVT LTD  ,,29.66,"50,51,415.76"
04/08/2026,  MPS/FpZ1gp/RAZORPAY SOFTWARE PVT LTD  ,,126.29,"50,51,542.05"
04/08/2026,NEFT-RAZORPAY-ij6dzN-SETTLEMENT,,6.66,"50,51,548.71"
04/08/2026,NEFT-RAZORPAY-IJUQUH-SETTLEMENT,,31.52,"50,51,580.23"
04/08/2026,IMPS/joAloj/RZPY/CR,,21.93,"50,51,602.16"
04/08/2026,RTGS/jyhXQS/RAZORPAY/COLLECTION,,178.07,"50,51,780.23"
04/08/2026,BY TRANSFER-NEFT*MeDNWW*RAZORPAY SOFTWARE,,119.79,"50,51,900.02"
04/08/2026,NEFT/RAZORPAY/mJDjkz/SETTLEMENT,,74.61,"50,51,974.63"
04/08/2026,TRF FROM RAZORPAY REF Mq4iqB DT 04/08,,32.90,"50,52,007.53"
04/08/2026,UPI/NNyFo1/PAYMENT/REF,,58.56,"50,52,066.09"
04/08/2026,UPI/nWjLiW/PAYMENT/REF,,58.40,"50,52,124.49"
04/08/2026,RTGS/ob6f8i/RAZORPAY/COLLECTION,,26.15,"50,52,150.64"
04/08/2026,  MPS/oVmTcC/RAZORPAY SOFTWARE PVT LTD  ,,58.06,"50,52,208.70"
04/08/2026,NEFT/RAZORPAY/PmNPfE/SETTLEMENT,,25.14,"50,52,233.84"
04/08/2026,RTGS/pQYnuo/RAZORPAY/COLLECTION,,80.57,"50,52,314.41"
04/08/2026,UPI/pQz2QL/PAYMENT/REF,,6.68,"50,52,321.09"
04/08/2026,  MPS/sXzA2t/RAZORPAY SOFTWARE PVT LTD  ,,70.14,"50,52,391.23"
04/08/2026,NEFT-RAZORPAY-tvStWl-SETTLEMENT,,18.67,"50,52,409.90"
04/08/2026,UPI/tWM1kB/PAYMENT/REF,,25.88,"50,52,435.78"
04/08/2026,UPI/Um55nM/PAYMENT/REF,,277.48,"50,52,713.26"
04/08/2026,NEFT/RAZORPAY/vDDOxF/SETTLEMENT,,57.34,"50,52,770.60"
04/08/2026,NEFT/RAZORPAY/WhqwK5/SETTLEMENT,,14.66,"50,52,785.26"
04/08/2026,IMPS/WqFRHs/RZPY/CR,,28.61,"50,52,813.87"
05/08/2026,  MPS/31H3Oy/RAZORPAY SOFTWARE PVT LTD  ,,39.68,"50,52,853.55"
05/08/2026,NEFT/RAZORPAY/d0nY4o/SETTLEMENT,,134.62,"50,52,988.17"
05/08/2026,NEFT-RAZORPAY-DRiT7d-SETTLEMENT,,34.15,"50,53,022.32"
05/08/2026,BY TRANSFER-NEFT*DYJfE1*RAZORPAY SOFTWARE,,65.30,"50,53,087.62"
05/08/2026,BY TRANSFER-NEFT*E1NXlj*RAZORPAY SOFTWARE,,15.60,"50,53,103.22"
05/08/2026,NEFT/RAZORPAY/GpdyLJ/SETTLEMENT,,25.23,"50,53,128.45"
05/08/2026,BY TRANSFER-NEFT*Gym1Ev*RAZORPAY SOFTWARE,,745.87,"50,53,874.32"
05/08/2026,UPI/IQxfD7/PAYMENT/REF,,124.50,"50,53,998.82"
05/08/2026,  MPS/KV5wYX/RAZORPAY SOFTWARE PVT LTD  ,,367.14,"50,54,365.96"
05/08/2026,RTGS/lTfgfO/RAZORPAY/COLLECTION,,20.31,"50,54,386.27"
05/08/2026,NEFT/RAZORPAY/PAYJLHEF/SETTLEMENT,,27.53,"50,54,413.80"
05/08/2026,  MPS/rfnd_h3PWVQ/RAZORPAY SOFTWARE PVT LTD  ,26.89,,"50,54,386.91"
05/08/2026,NEFT-RAZORPAY-RJKP0V-SETTLEMENT,,44.44,"50,54,431.35"
05/08/2026,NEFT-RAZORPAY-Vkfgt9-SETTLEMENT,,22.75,"50,54,454.10"
05/08/2026,NEFT-RAZORPAY-WATtql-SETTLEMENT,,19.95,"50,54,474.05"
05/08/2026,UPI/yzRuc9/PAYMENT/REF,,17.95,"50,54,492.00"
06/08/2026,RTGS/0BoaLQ/RAZORPAY/COLLECTION,,62.33,"50,54,554.33"
06/08/2026,  MPS/0CFYER/RAZORPAY SOFTWARE PVT LTD  ,,45.80,"50,54,600.13"
06/08/2026,  MPS/3oAWj7/RAZORPAY SOFTWARE PVT LTD  ,,23.24,"50,54,623.37"
06/08/2026,NEFT/RAZORPAY/AtyZC4/SETTLEMENT,,23.27,"50,54,646.64"
06/08/2026,TRF FROM RAZORPAY REF e1nRvP DT 06/08,,62.89,"50,54,709.53"
06/08/2026,NEFT/RAZORPAY/jGCYb1/SETTLEMENT,,46.32,"50,54,755.85"
06/08/2026,RTGS/jHgagd/RAZORPAY/COLLECTION,,383.98,"50,55,139.83"
06/08/2026,NEFT-RAZORPAY-mPOuoq-SETTLEMENT,,63.10,"50,55,202.93"
06/08/2026,UPI/PAYYQQ2O/PAYMENT/REF,,43.47,"50,55,246.40"
06/08/2026,RTGS/QO0BAb/RAZORPAY/COLLECTION,,79.26,"50,55,325.66"
06/08/2026,  MPS/rfnd_S3p4fa/RAZORPAY SOFTWARE PVT LTD  ,18.69,,"50,55,306.97"
06/08/2026,NEFT-RAZORPAY-tTCXNA-SETTLEMENT,,52.41,"50,55,359.38"
06/08/2026,NEFT-RAZORPAY-uM0IxJ-SETTLEMENT,,44.10,"50,55,403.48"
06/08/2026,UPI/vlEySS/PAYMENT/REF,,94.12,"50,55,497.60"
06/08/2026,UPI/YY41r8/PAYMENT/REF,,2.24,"50,55,499.84"
07/08/2026,UPI/38SQhB/PAYMENT/REF,,251.29,"50,55,751.13"
07/08/2026,IMPS/3QqmB0/RZPY/CR,,188.46,"50,55,939.59"
07/08/2026,UPI/B8iDhP/PAYMENT/REF,,8.51,"50,55,948.10"
07/08/2026,IMPS/b91ss2/RZPY/CR,,77.36,"50,56,025.46"
07/08/2026,RTGS/LX6kth/RAZORPAY/COLLECTION,,50.32,"50,56,075.78"
07/08/2026,NEFT-RAZORPAY-olKYBt-SETTLEMENT,,26.12,"50,56,101.90"
07/08/2026,NEFT/RAZORPAY/ozFpjd/SETTLEMENT,,8.42,"50,56,110.32"
07/08/2026,NEFT-RAZORPAY-p7KnCv-SETTLEMENT,,43.56,"50,56,153.88"
07/08/2026,NEFT/RAZORPAY/PAYLGN7V/SETTLEMENT,,246.71,"50,56,400.59"
07/08/2026,BY TRANSFER-NEFT*pTGwS9*RAZORPAY SOFTWARE,,17.81,"50,56,418.40"
07/08/2026,UPI/SMKr2f/PAYMENT/REF,,24.74,"50,56,443.14"
07/08/2026,IMPS/VeF17l/RZPY/CR,,210.35,"50,56,653.49"
07/08/2026,NEFT-RAZORPAY-w2Y7Vi-SETTLEMENT,,45.87,"50,56,699.36"
07/08/2026,  MPS/yahQ0t/RAZORPAY SOFTWARE PVT LTD  ,,35.20,"50,56,734.56"
07/08/2026,NEFT-RAZORPAY-ymHZ2k-SETTLEMENT,,235.76,"50,56,970.32"
08/08/2026,UPI/05yAgP/PAYMENT/REF,,305.73,"50,57,276.05"
08/08/2026,NEFT/RAZORPAY/1xITcP/SETTLEMENT,,69.71,"50,57,345.76"
08/08/2026,UPI/6rGZwL/PAYMENT/REF,,71.89,"50,57,417.65"
08/08/2026,NEFT-RAZORPAY-7DrR6K-SETTLEMENT,,62.08,"50,57,479.73"
08/08/2026,IMPS/B999ea/RZPY/CR,,101.27,"50,57,581.00"
08/08/2026,NEFT-RAZORPAY-CDnRS3-SETTLEMENT,,16.22,"50,57,597.22"
08/08/2026,NEFT/RAZORPAY/CxVRbe/SETTLEMENT,,7.69,"50,57,604.91"
08/08/2026,UPI/dEf89O/PAYMENT/REF,,5.14,"50,57,610.05"
08/08/2026,TRF FROM RAZORPAY REF Dkg05F DT 08/08,,17.61,"50,57,627.66"
08/08/2026,BY TRANSFER-NEFT*FHzSyo*RAZORPAY SOFTWARE,,66.99,"50,57,694.65"
08/08/2026,BY TRANSFER-NEFT*h3V7uB*RAZORPAY SOFTWARE,,176.38,"50,57,871.03"
08/08/2026,  MPS/HuwFtZ/RAZORPAY SOFTWARE PVT LTD  ,,149.97,"50,58,021.00"
08/08/2026,  MPS/JJo6e4/RAZORPAY SOFTWARE PVT LTD  ,,112.46,"50,58,133.46"
08/08/2026,UPI/JN6Csp/PAYMENT/REF,,25.55,"50,58,159.01"
08/08/2026,RTGS/jyd2eG/RAZORPAY/COLLECTION,,62.63,"50,58,221.64"
08/08/2026,NEFT/RAZORPAY/JzavqN/SETTLEMENT,,11.51,"50,58,233.15"
08/08/2026,NEFT-RAZORPAY-KZ3PUG-SETTLEMENT,,385.48,"50,58,618.63"
08/08/2026,NEFT/RAZORPAY/Lei2fB/SETTLEMENT,,144.63,"50,58,763.26"
08/08/2026,UPI/PAYC6NWZ/PAYMENT/REF,,15.05,"50,58,778.31"
08/08/2026,NEFT-RAZORPAY-PAYWKAFW-SETTLEMENT,,138.56,"50,58,916.87"
08/08/2026,BY TRANSFER-NEFT*rfnd_VnImoa*RAZORPAY SOFTWARE,94.68,,"50,58,822.19"
08/08/2026,TRF FROM RAZORPAY REF w2bnHm DT 08/08,,28.01,"50,58,850.20"
08/08/2026,RTGS/x4s5A7/RAZORPAY/COLLECTION,,18.88,"50,58,869.08"
08/08/2026,UPI/zftLnf/PAYMENT/REF,,311.11,"50,59,180.19"
09/08/2026,TRF FROM RAZORPAY REF 6qlf9t DT 09/08,,68.46,"50,59,248.65"
09/08/2026,NEFT/RAZORPAY/A515vK/SETTLEMENT,,38.91,"50,59,287.56"
09/08/2026,RTGS/AHCeYy/RAZORPAY/COLLECTION,,20.35,"50,59,307.91"
09/08/2026,NEFT/RAZORPAY/DjCJ7q/SETTLEMENT,,36.72,"50,59,344.63"
09/08/2026,NEFT/RAZORPAY/Fg91UJ/SETTLEMENT,,146.63,"50,59,491.26"
09/08/2026,UPI/gH3uSp/PAYMENT/REF,,9.23,"50,59,500.49"
09/08/2026,  MPS/HFJ8PO/RAZORPAY SOFTWARE PVT LTD  ,,117.83,"50,59,618.32"
09/08/2026,BY TRANSFER-NEFT*iToXQz*RAZORPAY SOFTWARE,,11.74,"50,59,630.06"
09/08/2026,IMPS/jZa6yv/RZPY/CR,,35.23,"50,59,665.29"
09/08/2026,UPI/KUwtGK/PAYMENT/REF,,11.77,"50,59,677.06"
09/08/2026,  MPS/mDTJx4/RAZORPAY SOFTWARE PVT LTD  ,,37.29,"50,59,714.35"
09/08/2026,RTGS/Nt0RHi/RAZORPAY/COLLECTION,,69.52,"50,59,783.87"
09/08/2026,IMPS/NVR683/RZPY/CR,,176.20,"50,59,960.07"
09/08/2026,RTGS/NWuphc/RAZORPAY/COLLECTION,,36.87,"50,59,996.94"
09/08/2026,  MPS/ovnohb/RAZORPAY SOFTWARE PVT LTD  ,,85.79,"50,60,082.73"
09/08/2026,UPI/P6U9K0/PAYMENT/REF,,275.03,"50,60,357.76"
09/08/2026,  MPS/PAYCD8FR/RAZORPAY SOFTWARE PVT LTD  ,,196.98,"50,60,554.74"
09/08/2026,TRF FROM RAZORPAY REF pFp8lp DT 09/08,,317.90,"50,60,872.64"
09/08/2026,NEFT-RAZORPAY-rfnd_0BoaLQ-SETTLEMENT,62.33,,"50,60,810.31"
09/08/2026,  MPS/rfnd_CxVRbe/RAZORPAY SOFTWARE PVT LTD  ,7.69,,"50,60,802.62"
09/08/2026,NEFT-RAZORPAY-rfnd_pTGwS9-SETTLEMENT,17.81,,"50,60,784.81"
09/08/2026,NEFT-RAZORPAY-SvObyf-SETTLEMENT,,10.16,"50,60,794.97"
09/08/2026,RTGS/wSqXP0/RAZORPAY/COLLECTION,,288.98,"50,61,083.95"
09/08/2026,IMPS/yirmRa/RZPY/CR,,64.33,"50,61,148.28"
09/08/2026,RTGS/ZA9qgS/RAZORPAY/COLLECTION,,233.52,"50,61,381.80"
10/08/2026,IMPS/2wm6Cq/RZPY/CR,,21.69,"50,61,403.49"
10/08/2026,NEFT-RAZORPAY-7ESmpd-SETTLEMENT,,97.86,"50,61,501.35"
10/08/2026,  MPS/a6AjW1/RAZORPAY SOFTWARE PVT LTD  ,,55.61,"50,61,556.96"
10/08/2026,NEFT/RAZORPAY/AmLmo1/SETTLEMENT,,29.93,"50,61,586.89"
10/08/2026,NEFT/RAZORPAY/cvKVOw/SETTLEMENT,,29.16,"50,61,616.05"
10/08/2026,UPI/gMu4We/PAYMENT/REF,,30.16,"50,61,646.21"
10/08/2026,TRF FROM RAZORPAY REF hceQmj DT 10/08,,393.25,"50,62,039.46"
10/08/2026,RTGS/hjOAAX/RAZORPAY/COLLECTION,,61.20,"50,62,100.66"
10/08/2026,IMPS/IH7vBm/RZPY/CR,,110.12,"50,62,210.78"
10/08/2026,BY TRANSFER-NEFT*lgEFtJ*RAZORPAY SOFTWARE,,44.58,"50,62,255.36"
10/08/2026,NEFT-RAZORPAY-lgMMzy-SETTLEMENT,,22.51,"50,62,277.87"
10/08/2026,BY TRANSFER-NEFT*PAYM7TIV*RAZORPAY SOFTWARE,,51.62,"50,62,329.49"
10/08/2026,TRF FROM RAZORPAY REF PAYYPAHZ DT 10/08,,25.83,"50,62,355.32"
10/08/2026,RTGS/q97NPb/RAZORPAY/COLLECTION,,160.83,"50,62,516.15"
10/08/2026,RTGS/SCr7NZ/RAZORPAY/COLLECTION,,114.74,"50,62,630.89"
10/08/2026,IMPS/sVS3G1/RZPY/CR,,997.61,"50,63,628.50"
10/08/2026,RTGS/XxSH4C/RAZORPAY/COLLECTION,,67.38,"50,63,695.88"
10/08/2026,NEFT-RAZORPAY-yFUyCS-SETTLEMENT,,154.62,"50,63,850.50"
11/08/2026,BY TRANSFER-NEFT*0K3awg*RAZORPAY SOFTWARE,,135.47,"50,63,985.97"
11/08/2026,RTGS/2kpumw/RAZORPAY/COLLECTION,,13.39,"50,63,999.36"
11/08/2026,  MPS/4aV3OV/RAZORPAY SOFTWARE PVT LTD  ,,38.45,"50,64,037.81"
11/08/2026,NEFT-RAZORPAY-5q4Bhb-SETTLEMENT,,122.04,"50,64,159.85"
11/08/2026,NEFT-RAZORPAY-86qIDN-SETTLEMENT,,112.29,"50,64,272.14"
11/08/2026,NEFT/RAZORPAY/EgPnJK/SETTLEMENT,,26.28,"50,64,298.42"
11/08/2026,BY TRANSFER-NEFT*Eq61hF*RAZORPAY SOFTWARE,,357.08,"50,64,655.50"
11/08/2026,UPI/hn5adi/PAYMENT/REF,,12.87,"50,64,668.37"
11/08/2026,NEFT-RAZORPAY-J79U39-SETTLEMENT,,105.46,"50,64,773.83"
11/08/2026,  MPS/K7GYEL/RAZORPAY SOFTWARE PVT LTD  ,,58.91,"50,64,832.74"
11/08/2026,NEFT-RAZORPAY-lnGpB6-SETTLEMENT,,30.31,"50,64,863.05"
11/08/2026,NEFT/RAZORPAY/PAYKQL0S/SETTLEMENT,,15.15,"50,64,878.20"
11/08/2026,NEFT-RAZORPAY-pgaxHF-SETTLEMENT,,122.87,"50,65,001.07"
11/08/2026,RTGS/qVM1ha/RAZORPAY/COLLECTION,,42.61,"50,65,043.68"
11/08/2026,NEFT/RAZORPAY/rfnd_2wm6Cq/SETTLEMENT,14.40,,"50,65,029.28"
11/08/2026,RTGS/rfnd_Rpq2W3/RAZORPAY/COLLECTION,32.16,,"50,64,997.12"
11/08/2026,NEFT/RAZORPAY/uIszKD/SETTLEMENT,,105.55,"50,65,102.67"
11/08/2026,UPI/xoZh6h/PAYMENT/REF,,16.92,"50,65,119.59"
12/08/2026,NEFT-RAZORPAY-3FsGcr-SETTLEMENT,,35.74,"50,65,155.33"
12/08/2026,BY TRANSFER-NEFT*4sWYq9*RAZORPAY SOFTWARE,,59.81,"50,65,215.14"
12/08/2026,NEFT/RAZORPAY/5SJ3qc/SETTLEMENT,,37.35,"50,65,252.49"
12/08/2026,RTGS/9AL54y/RAZORPAY/COLLECTION,,218.13,"50,65,470.62"
12/08/2026,NEFT/RAZORPAY/aET5xC/SETTLEMENT,,531.48,"50,66,002.10"
12/08/2026,UPI/cS4amc/PAYMENT/REF,,23.45,"50,66,025.55"
12/08/2026,UPI/FmSmhf/PAYMENT/REF,,85.97,"50,66,111.52"
12/08/2026,  MPS/hdFIYe/RAZORPAY SOFTWARE PVT LTD  ,,12.82,"50,66,124.34"
12/08/2026,RTGS/hdFIYe/RAZORPAY/COLLECTION,,12.82,"50,66,137.16"
12/08/2026,RTGS/hosVOJ/RAZORPAY/COLLECTION,,97.32,"50,66,234.48"
12/08/2026,BY TRANSFER-NEFT*Jkeq1d*RAZORPAY SOFTWARE,,28.67,"50,66,263.15"
12/08/2026,IMPS/kk7Ycw/RZPY/CR,,175.06,"50,66,438.21"
12/08/2026,IMPS/lf8K8U/RZPY/CR,,28.97,"50,66,467.18"
12/08/2026,BY TRANSFER-NEFT*Mgp066*RAZORPAY SOFTWARE,,47.11,"50,66,514.29"
12/08/2026,BY TRANSFER-NEFT*MXFhk8*RAZORPAY SOFTWARE,,65.03,"50,66,579.32"
12/08/2026,NEFT-RAZORPAY-OITYTK-SETTLEMENT,,"1,029.27","50,67,608.59"
12/08/2026,TRF FROM RAZORPAY REF PAYXAPHK DT 12/08,,159.21,"50,67,767.80"
12/08/2026,  MPS/PG14MI/RAZORPAY SOFTWARE PVT LTD  ,,"1,537.45","50,69,305.25"
12/08/2026,IMPS/pghUEj/RZPY/CR,,51.19,"50,69,356.44"
12/08/2026,  MPS/PgXTnX/RAZORPAY SOFTWARE PVT LTD  ,,359.20,"50,69,715.64"
12/08/2026,BY TRANSFER-NEFT*rfnd_qVM1ha*RAZORPAY SOFTWARE,42.61,,"50,69,673.03"
12/08/2026,IMPS/rtqlhY/RZPY/CR,,16.95,"50,69,689.98"
12/08/2026,IMPS/SraO3H/RZPY/CR,,29.54,"50,69,719.52"
12/08/2026,NEFT/RAZORPAY/sv9tBQ/SETTLEMENT,,526.03,"50,70,245.55"
12/08/2026,UPI/v4O31p/PAYMENT/REF,,17.20,"50,70,262.75"
12/08/2026,RTGS/YSNYo6/RAZORPAY/COLLECTION,,6.10,"50,70,268.85"
13/08/2026,NEFT-RAZORPAY-1ls8yx-SETTLEMENT,,184.22,"50,70,453.07"
13/08/2026,UPI/1q1Mi6/PAYMENT/REF,,2.84,"50,70,455.91"
13/08/2026,IMPS/8oe9d7/RZPY/CR,,9.12,"50,70,465.03"
13/08/2026,TRF FROM RAZORPAY REF bmsroZ DT 13/08,,12.41,"50,70,477.44"
13/08/2026,  MPS/DldWI5/RAZORPAY SOFTWARE PVT LTD  ,,59.62,"50,70,537.06"
13/08/2026,NEFT/RAZORPAY/dPcqFn/SETTLEMENT,,7.69,"50,70,544.75"
13/08/2026,UPI/f3RhJa/PAYMENT/REF,,22.44,"50,70,567.19"
13/08/2026,NEFT-RAZORPAY-Fa157y-SETTLEMENT,,37.88,"50,70,605.07"
13/08/2026,NEFT/RAZORPAY/hvw5B8/SETTLEMENT,,196.98,"50,70,802.05"
13/08/2026,IMPS/IU9ahj/RZPY/CR,,148.58,"50,70,950.63"
13/08/2026,TRF FROM RAZORPAY REF jpbNyq DT 13/08,,68.41,"50,71,019.04"
13/08/2026,RTGS/OkBpUv/RAZORPAY/COLLECTION,,6.49,"50,71,025.53"
13/08/2026,  MPS/ParmRt/RAZORPAY SOFTWARE PVT LTD  ,,4.12,"50,71,029.65"
13/08/2026,NEFT-RAZORPAY-PAY55QEL-SETTLEMENT,,19.63,"50,71,049.28"
13/08/2026,  MPS/pYU2Ne/RAZORPAY SOFTWARE PVT LTD  ,,35.12,"50,71,084.40"
13/08/2026,BY TRANSFER-NEFT*RaNgJ3*RAZORPAY SOFTWARE,,120.90,"50,71,205.30"
13/08/2026,UPI/rfnd_MeDNWW/PAYMENT/REF,57.22,,"50,71,148.08"
13/08/2026,NEFT/RAZORPAY/RPzP4M/SETTLEMENT,,42.13,"50,71,190.21"
13/08/2026,UPI/TaCRAM/PAYMENT/REF,,195.62,"50,71,385.83"
13/08/2026,  MPS/tm0Zt0/RAZORPAY SOFTWARE PVT LTD  ,,35.06,"50,71,420.89"
13/08/2026,NEFT-RAZORPAY-vR5uo7-SETTLEMENT,,102.91,"50,71,523.80"
13/08/2026,RTGS/wqPdOm/RAZORPAY/COLLECTION,,82.21,"50,71,606.01"
13/08/2026,BY TRANSFER-NEFT*Y3OkfF*RAZORPAY SOFTWARE,,24.01,"50,71,630.02"
13/08/2026,IMPS/yInwkR/RZPY/CR,,18.27,"50,71,648.29"
13/08/2026,  MPS/YlosuA/RAZORPAY SOFTWARE PVT LTD  ,,130.73,"50,71,779.02"
13/08/2026,RTGS/yt2GJM/RAZORPAY/COLLECTION,,135.31,"50,71,914.33"
14/08/2026,UPI/4g1Apo/PAYMENT/REF,,50.89,"50,71,965.22"
14/08/2026,RTGS/8ub54X/RAZORPAY/COLLECTION,,329.63,"50,72,294.85"
14/08/2026,NEFT/RAZORPAY/BKcp2V/SETTLEMENT,,163.67,"50,72,458.52"
14/08/2026,IMPS/EhLrwL/RZPY/CR,,1.53,"50,72,460.05"
14/08/2026,BY TRANSFER-NEFT*fxiyft*RAZORPAY SOFTWARE,,36.29,"50,72,496.34"
14/08/2026,  MPS/GVOxzf/RAZORPAY SOFTWARE PVT LTD  ,,1.71,"50,72,498.05"
14/08/2026,  MPS/mUjQIp/RAZORPAY SOFTWARE PVT LTD  ,,14.99,"50,72,513.04"
14/08/2026,TRF FROM RAZORPAY REF NNfbgb DT 14/08,,19.89,"50,72,532.93"
14/08/2026,TRF FROM RAZORPAY REF OQZyoq DT 14/08,,292.79,"50,72,825.72"
14/08/2026,BY TRANSFER-NEFT*PAYDWSC4*RAZORPAY SOFTWARE,,131.39,"50,72,957.11"
14/08/2026,BY TRANSFER-NEFT*r2AbxB*RAZORPAY SOFTWARE,,7.88,"50,72,964.99"
14/08/2026,BY TRANSFER-NEFT*rfnd_NNyFo1*RAZORPAY SOFTWARE,58.56,,"50,72,906.43"
14/08/2026,NEFT/RAZORPAY/rfnd_uIszKD/SETTLEMENT,26.59,,"50,72,879.84"
14/08/2026,TRF FROM RAZORPAY REF sOqpAu DT 14/08,,63.96,"50,72,943.80"
14/08/2026,RTGS/SxAd1v/RAZORPAY/COLLECTION,,59.46,"50,73,003.26"
14/08/2026,NEFT/RAZORPAY/ueP8h9/SETTLEMENT,,29.78,"50,73,033.04"
14/08/2026,UPI/WhjK9q/PAYMENT/REF,,31.60,"50,73,064.64"
15/08/2026,IMPS/1Xg7e4/RZPY/CR,,19.94,"50,73,084.58"
15/08/2026,  MPS/48uMpV/RAZORPAY SOFTWARE PVT LTD  ,,82.84,"50,73,167.42"
15/08/2026,TRF FROM RAZORPAY REF 49xSeN DT 15/08,,113.18,"50,73,280.60"
15/08/2026,NEFT-RAZORPAY-AD5d0y-SETTLEMENT,,96.61,"50,73,377.21"
15/08/2026,TRF FROM RAZORPAY REF atPpYz DT 15/08,,630.73,"50,74,007.94"
15/08/2026,TRF FROM RAZORPAY REF bkC5Ib DT 15/08,,192.16,"50,74,200.10"
15/08/2026,IMPS/bU4JlZ/RZPY/CR,,4.87,"50,74,204.97"
15/08/2026,IMPS/CSZ06M/RZPY/CR,,20.71,"50,74,225.68"
15/08/2026,TRF FROM RAZORPAY REF ELhI9z DT 15/08,,71.29,"50,74,296.97"
15/08/2026,IMPS/EqEpVK/RZPY/CR,,8.16,"50,74,305.13"
15/08/2026,NEFT/RAZORPAY/gyJl9v/SETTLEMENT,,68.70,"50,74,373.83"
15/08/2026,NEFT/RAZORPAY/He4rJk/SETTLEMENT,,411.10,"50,74,784.93"
15/08/2026,  MPS/Iuvtdq/RAZORPAY SOFTWARE PVT LTD  ,,12.33,"50,74,797.26"
15/08/2026,UPI/KHDXBc/PAYMENT/REF,,13.37,"50,74,810.63"
15/08/2026,TRF FROM RAZORPAY REF o1xV1Y DT 15/08,,67.31,"50,74,877.94"
15/08/2026,NEFT/RAZORPAY/OmeMWa/SETTLEMENT,,154.93,"50,75,032.87"
15/08/2026,UPI/PAYSWVBJ/PAYMENT/REF,,126.09,"50,75,158.96"
15/08/2026,NEFT-RAZORPAY-pz5UC8-SETTLEMENT,,91.79,"50,75,250.75"
15/08/2026,  MPS/q5ZDdA/RAZORPAY SOFTWARE PVT LTD  ,,11.08,"50,75,261.83"
15/08/2026,IMPS/UvCt44/RZPY/CR,,55.12,"50,75,316.95"
15/08/2026,RTGS/VkiXNK/RAZORPAY/COLLECTION,,49.56,"50,75,366.51"
15/08/2026,  MPS/x0FWuI/RAZORPAY SOFTWARE PVT LTD  ,,58.83,"50,75,425.34"
15/08/2026,RTGS/z1avAe/RAZORPAY/COLLECTION,,119.16,"50,75,544.50"
16/08/2026,NEFT-RAZORPAY-3x2499-SETTLEMENT,,36.01,"50,75,580.51"
16/08/2026,UPI/3ylFuO/PAYMENT/REF,,21.00,"50,75,601.51"
16/08/2026,NEFT/RAZORPAY/7udWdN/SETTLEMENT,,36.96,"50,75,638.47"
16/08/2026,  MPS/8ixQnj/RAZORPAY SOFTWARE PVT LTD  ,,118.34,"50,75,756.81"
16/08/2026,IMPS/9ertS8/RZPY/CR,,20.59,"50,75,777.40"
16/08/2026,BY TRANSFER-NEFT*avPP3c*RAZORPAY SOFTWARE,,16.00,"50,75,793.40"
16/08/2026,BY TRANSFER-NEFT*Dddzg1*RAZORPAY SOFTWARE,,41.10,"50,75,834.50"
16/08/2026,RTGS/GDmKYT/RAZORPAY/COLLECTION,,23.48,"50,75,857.98"
16/08/2026,BY TRANSFER-NEFT*lIK4C4*RAZORPAY SOFTWARE,,53.00,"50,75,910.98"
16/08/2026,UPI/M2qVf8/PAYMENT/REF,,59.45,"50,75,970.43"
16/08/2026,  MPS/otpgYN/RAZORPAY SOFTWARE PVT LTD  ,,235.77,"50,76,206.20"
16/08/2026,  MPS/oxrsEb/RAZORPAY SOFTWARE PVT LTD  ,,4.52,"50,76,210.72"
16/08/2026,RTGS/PAYAV3FS/RAZORPAY/COLLECTION,,294.43,"50,76,505.15"
16/08/2026,IMPS/PPNyFH/RZPY/CR,,108.06,"50,76,613.21"
16/08/2026,NEFT-RAZORPAY-SgX3bS-SETTLEMENT,,78.72,"50,76,691.93"
16/08/2026,IMPS/Y8VFwM/RZPY/CR,,5.58,"50,76,697.51"
16/08/2026,TRF FROM RAZORPAY REF ZdVW7b DT 16/08,,25.40,"50,76,722.91"
17/08/2026,  MPS/0llYX2/RAZORPAY SOFTWARE PVT LTD  ,,130.71,"50,76,853.62"
17/08/2026,NEFT-RAZORPAY-1wM4Om-SETTLEMENT,,58.41,"50,76,912.03"
17/08/2026,NEFT/RAZORPAY/9bjcf2/SETTLEMENT,,45.26,"50,76,957.29"
17/08/2026,UPI/DAHbuU/PAYMENT/REF,,55.43,"50,77,012.72"
17/08/2026,IMPS/dNVXDQ/RZPY/CR,,32.82,"50,77,045.54"
17/08/2026,BY TRANSFER-NEFT*E0qqSs*RAZORPAY SOFTWARE,,25.54,"50,77,071.08"
17/08/2026,BY TRANSFER-NEFT*hzJ1Yx*RAZORPAY SOFTWARE,,155.77,"50,77,226.85"
17/08/2026,  MPS/iTECa4/RAZORPAY SOFTWARE PVT LTD  ,,54.77,"50,77,281.62"
17/08/2026,IMPS/LnR3OV/RZPY/CR,,151.97,"50,77,433.59"
17/08/2026,UPI/oHd3t0/PAYMENT/REF,,131.24,"50,77,564.83"
17/08/2026,RTGS/opk79t/RAZORPAY/COLLECTION,,134.62,"50,77,699.45"
17/08/2026,  MPS/PAYILABQ/RAZORPAY SOFTWARE PVT LTD  ,,50.65,"50,77,750.10"
17/08/2026,UPI/PAYK3UH4/PAYMENT/REF,,111.97,"50,77,862.07"
17/08/2026,TRF FROM RAZORPAY REF PAYK5DRN DT 17/08,,96.97,"50,77,959.04"
17/08/2026,BY TRANSFER-NEFT*PAYON23L*RAZORPAY SOFTWARE,,126.65,"50,78,085.69"
17/08/2026,UPI/PAYTANQ1/PAYMENT/REF,,17.13,"50,78,102.82"
17/08/2026,  MPS/PAYUM7ID/RAZORPAY SOFTWARE PVT LTD  ,,13.86,"50,78,116.68"
17/08/2026,NEFT-RAZORPAY-ppBT6e-SETTLEMENT,,36.98,"50,78,153.66"
17/08/2026,IMPS/QQMNdt/RZPY/CR,,104.04,"50,78,257.70"
17/08/2026,IMPS/rfnd_B999ea/RZPY/CR,32.66,,"50,78,225.04"
17/08/2026,NEFT/RAZORPAY/rfnd_P6U9K0/SETTLEMENT,123.53,,"50,78,101.51"
17/08/2026,UPI/SxAetD/PAYMENT/REF,,59.47,"50,78,160.98"
17/08/2026,UPI/tlMDbF/PAYMENT/REF,,40.29,"50,78,201.27"
17/08/2026,NEFT/RAZORPAY/Umu3gw/SETTLEMENT,,215.16,"50,78,416.43"
17/08/2026,NEFT/RAZORPAY/vO2ldt/SETTLEMENT,,108.99,"50,78,525.42"
17/08/2026,TRF FROM RAZORPAY REF VS5aOP DT 17/08,,24.51,"50,78,549.93"
17/08/2026,BY TRANSFER-NEFT*ZspFLl*RAZORPAY SOFTWARE,,9.79,"50,78,559.72"
18/08/2026,  MPS/2atRyd/RAZORPAY SOFTWARE PVT LTD  ,,40.98,"50,78,600.70"
18/08/2026,TRF FROM RAZORPAY REF 2atRyd DT 18/08,,40.98,"50,78,641.68"
18/08/2026,NEFT-RAZORPAY-aN3fyi-SETTLEMENT,,4.58,"50,78,646.26"
18/08/2026,RTGS/aTO35e/RAZORPAY/COLLECTION,,48.09,"50,78,694.35"
18/08/2026,TRF FROM RAZORPAY REF d6IWPE DT 18/08,,123.43,"50,78,817.78"
18/08/2026,NEFT-RAZORPAY-dd9jNm-SETTLEMENT,,50.41,"50,78,868.19"
18/08/2026,IMPS/dEM24X/RZPY/CR,,90.97,"50,78,959.16"
18/08/2026,IMPS/e8JVib/RZPY/CR,,8.47,"50,78,967.63"
18/08/2026,NEFT-RAZORPAY-GDTo5T-SETTLEMENT,,76.07,"50,79,043.70"
18/08/2026,TRF FROM RAZORPAY REF K905mY DT 18/08,,99.80,"50,79,143.50"
18/08/2026,UPI/KJnFZB/PAYMENT/REF,,44.81,"50,79,188.31"
18/08/2026,TRF FROM RAZORPAY REF kRLilW DT 18/08,,116.62,"50,79,304.93"
18/08/2026,BY TRANSFER-NEFT*mKrllG*RAZORPAY SOFTWARE,,8.56,"50,79,313.49"
18/08/2026,UPI/Mq0xgA/PAYMENT/REF,,75.40,"50,79,388.89"
18/08/2026,NEFT-RAZORPAY-ojP696-SETTLEMENT,,232.79,"50,79,621.68"
18/08/2026,UPI/PAYVRKZO/PAYMENT/REF,,60.58,"50,79,682.26"
18/08/2026,  MPS/qvqlx3/RAZORPAY SOFTWARE PVT LTD  ,,36.17,"50,79,718.43"
18/08/2026,NEFT-RAZORPAY-setl_DTdcrS-SETTLEMENT,,963.34,"50,80,681.77"
18/08/2026,NEFT-RAZORPAY-SHW4XJ-SETTLEMENT,,186.82,"50,80,868.59"
18/08/2026,NEFT-RAZORPAY-TjY6eK-SETTLEMENT,,28.98,"50,80,897.57"
18/08/2026,RTGS/u9jFHw/RAZORPAY/COLLECTION,,13.35,"50,80,910.92"
18/08/2026,RTGS/vSH1kx/RAZORPAY/COLLECTION,,35.40,"50,80,946.32"
19/08/2026,BY TRANSFER-NEFT*10XTZP*RAZORPAY SOFTWARE,,107.42,"50,81,053.74"
19/08/2026,  MPS/5IG36D/RAZORPAY SOFTWARE PVT LTD  ,,14.36,"50,81,068.10"
19/08/2026,TRF FROM RAZORPAY REF Btmk4u DT 19/08,,40.44,"50,81,108.54"
19/08/2026,RTGS/CRofOF/RAZORPAY/COLLECTION,,26.30,"50,81,134.84"
19/08/2026,BY TRANSFER-NEFT*ErCwrX*RAZORPAY SOFTWARE,,87.09,"50,81,221.93"
19/08/2026,UPI/gioRHZ/PAYMENT/REF,,7.72,"50,81,229.65"
19/08/2026,  MPS/ieejBH/RAZORPAY SOFTWARE PVT LTD  ,,102.96,"50,81,332.61"
19/08/2026,RTGS/lgZsj2/RAZORPAY/COLLECTION,,167.16,"50,81,499.77"
19/08/2026,IMPS/LV0bDu/RZPY/CR,,96.84,"50,81,596.61"
19/08/2026,NEFT-RAZORPAY-LXak0E-SETTLEMENT,,29.40,"50,81,626.01"
19/08/2026,NEFT/RAZORPAY/nll7eY/SETTLEMENT,,125.49,"50,81,751.50"
19/08/2026,RTGS/NyAROx/RAZORPAY/COLLECTION,,108.44,"50,81,859.94"
19/08/2026,BY TRANSFER-NEFT*oJs7uZ*RAZORPAY SOFTWARE,,155.66,"50,82,015.60"
19/08/2026,TRF FROM RAZORPAY REF osROMO DT 19/08,,19.46,"50,82,035.06"
19/08/2026,IMPS/PAYZKIYE/RZPY/CR,,398.75,"50,82,433.81"
19/08/2026,UPI/PduOww/PAYMENT/REF,,82.67,"50,82,516.48"
19/08/2026,IMPS/qUhSBC/RZPY/CR,,416.95,"50,82,933.43"
19/08/2026,TRF FROM RAZORPAY REF r1X7tf DT 19/08,,170.78,"50,83,104.21"
19/08/2026,RTGS/rfnd_IH7vBm/RAZORPAY/COLLECTION,110.12,,"50,82,994.09"
19/08/2026,UPI/RGIDig/PAYMENT/REF,,29.79,"50,83,023.88"
19/08/2026,BY TRANSFER-NEFT*ruMLKC*RAZORPAY SOFTWARE,,38.07,"50,83,061.95"
19/08/2026,BY TRANSFER-NEFT*S2t1bz*RAZORPAY SOFTWARE,,271.45,"50,83,333.40"
19/08/2026,IMPS/Therev/RZPY/CR,,"1,059.71","50,84,393.11"
19/08/2026,BY TRANSFER-NEFT*TQbF4K*RAZORPAY SOFTWARE,,22.89,"50,84,416.00"
19/08/2026,IMPS/UhNObE/RZPY/CR,,28.19,"50,84,444.19"
19/08/2026,BY TRANSFER-NEFT*VKRlhS*RAZORPAY SOFTWARE,,8.06,"50,84,452.25"
19/08/2026,RTGS/xN5QdK/RAZORPAY/COLLECTION,,61.62,"50,84,513.87"
19/08/2026,NEFT-RAZORPAY-y1fDf6-SETTLEMENT,,11.42,"50,84,525.29"
19/08/2026,UPI/yvD0C8/PAYMENT/REF,,94.84,"50,84,620.13"
19/08/2026,TRF FROM RAZORPAY REF yvD0C8 DT 19/08,,94.84,"50,84,714.97"
20/08/2026,IMPS/6atA6U/RZPY/CR,,5.93,"50,84,720.90"
20/08/2026,  MPS/7hVc6s/RAZORPAY SOFTWARE PVT LTD  ,,46.50,"50,84,767.40"
20/08/2026,BY TRANSFER-NEFT*A9qhYN*RAZORPAY SOFTWARE,,12.79,"50,84,780.19"
20/08/2026,IMPS/DbLHk7/RZPY/CR,,123.55,"50,84,903.74"
20/08/2026,  MPS/iImSyC/RAZORPAY SOFTWARE PVT LTD  ,,87.57,"50,84,991.31"
20/08/2026,TRF FROM RAZORPAY REF irEJPU DT 20/08,,355.60,"50,85,346.91"
20/08/2026,BY TRANSFER-NEFT*j0iQPP*RAZORPAY SOFTWARE,,116.40,"50,85,463.31"
20/08/2026,NEFT/RAZORPAY/lF53J5/SETTLEMENT,,3.32,"50,85,466.63"
20/08/2026,BY TRANSFER-NEFT*lvj6NZ*RAZORPAY SOFTWARE,,130.75,"50,85,597.38"
20/08/2026,RTGS/M3zqqm/RAZORPAY/COLLECTION,,84.97,"50,85,682.35"
20/08/2026,IMPS/MtFwfr/RZPY/CR,,89.90,"50,85,772.25"
20/08/2026,RTGS/pKjcUs/RAZORPAY/COLLECTION,,38.50,"50,85,810.75"
20/08/2026,NEFT/RAZORPAY/rfnd_hvw5B8/SETTLEMENT,196.98,,"50,85,613.77"
20/08/2026,UPI/sWg0ur/PAYMENT/REF,,8.38,"50,85,622.15"
20/08/2026,TRF FROM RAZORPAY REF V1on4q DT 20/08,,4.78,"50,85,626.93"
20/08/2026,BY TRANSFER-NEFT*xmWnq3*RAZORPAY SOFTWARE,,57.41,"50,85,684.34"
20/08/2026,NEFT/RAZORPAY/Zi41MW/SETTLEMENT,,26.46,"50,85,710.80"
20/08/2026,IMPS/ZSuNea/RZPY/CR,,82.75,"50,85,793.55"
20/08/2026,NEFT/RAZORPAY/zTNAV1/SETTLEMENT,,23.57,"50,85,817.12"
21/08/2026,NEFT-RAZORPAY-0iqdI7-SETTLEMENT,,12.11,"50,85,829.23"
21/08/2026,BY TRANSFER-NEFT*1bvvAg*RAZORPAY SOFTWARE,,148.21,"50,85,977.44"
21/08/2026,  MPS/1dO8by/RAZORPAY SOFTWARE PVT LTD  ,,49.81,"50,86,027.25"
21/08/2026,UPI/eJxLtR/PAYMENT/REF,,95.93,"50,86,123.18"
21/08/2026,BY TRANSFER-NEFT*FH1D4M*RAZORPAY SOFTWARE,,202.88,"50,86,326.06"
21/08/2026,TRF FROM RAZORPAY REF fpdUcj DT 21/08,,15.89,"50,86,341.95"
21/08/2026,  MPS/frfN4u/RAZORPAY SOFTWARE PVT LTD  ,,151.94,"50,86,493.89"
21/08/2026,BY TRANSFER-NEFT*h7AaSF*RAZORPAY SOFTWARE,,56.73,"50,86,550.62"
21/08/2026,RTGS/jZDcsB/RAZORPAY/COLLECTION,,11.57,"50,86,562.19"
21/08/2026,TRF FROM RAZORPAY REF K5QgNH DT 21/08,,34.20,"50,86,596.39"
21/08/2026,TRF FROM RAZORPAY REF L1Jki5 DT 21/08,,126.71,"50,86,723.10"
21/08/2026,TRF FROM RAZORPAY REF lXMx2d DT 21/08,,15.51,"50,86,738.61"
21/08/2026,NEFT-RAZORPAY-MO4D47-SETTLEMENT,,33.86,"50,86,772.47"
21/08/2026,  MPS/n7hfQG/RAZORPAY SOFTWARE PVT LTD  ,,139.03,"50,86,911.50"
21/08/2026,UPI/Nkh8Id/PAYMENT/REF,,12.56,"50,86,924.06"
21/08/2026,RTGS/p6tVlz/RAZORPAY/COLLECTION,,51.65,"50,86,975.71"
21/08/2026,IMPS/PAYZYIOJ/RZPY/CR,,26.33,"50,87,002.04"
21/08/2026,NEFT/RAZORPAY/qiZsY9/SETTLEMENT,,48.74,"50,87,050.78"
21/08/2026,RTGS/SFK7dE/RAZORPAY/COLLECTION,,339.69,"50,87,390.47"
21/08/2026,RTGS/SjEMi8/RAZORPAY/COLLECTION,,6.15,"50,87,396.62"
21/08/2026,  MPS/SjFPFA/RAZORPAY SOFTWARE PVT LTD  ,,65.74,"50,87,462.36"
21/08/2026,IMPS/sPJlgC/RZPY/CR,,494.26,"50,87,956.62"
21/08/2026,UPI/xhl2KD/PAYMENT/REF,,70.02,"50,88,026.64"
21/08/2026,RTGS/XmSsH1/RAZORPAY/COLLECTION,,47.85,"50,88,074.49"
22/08/2026,RTGS/1EGgOm/RAZORPAY/COLLECTION,,47.70,"50,88,122.19"
22/08/2026,TRF FROM RAZORPAY REF 2TZE80 DT 22/08,,34.48,"50,88,156.67"
22/08/2026,RTGS/3cc35F/RAZORPAY/COLLECTION,,12.68,"50,88,169.35"
22/08/2026,IMPS/7Qvg06/RZPY/CR,,20.31,"50,88,189.66"
22/08/2026,IMPS/9WJW0j/RZPY/CR,,40.20,"50,88,229.86"
22/08/2026,NEFT/RAZORPAY/BZDBXu/SETTLEMENT,,95.35,"50,88,325.21"
22/08/2026,RTGS/cfg8lw/RAZORPAY/COLLECTION,,27.86,"50,88,353.07"
22/08/2026,NEFT/RAZORPAY/CY5adx/SETTLEMENT,,107.20,"50,88,460.27"
22/08/2026,  MPS/DVaRGJ/RAZORPAY SOFTWARE PVT LTD  ,,23.67,"50,88,483.94"
22/08/2026,UPI/fD8rtg/PAYMENT/REF,,30.48,"50,88,514.42"
22/08/2026,IMPS/FfLTMZ/RZPY/CR,,412.06,"50,88,926.48"
22/08/2026,NEFT-RAZORPAY-g2nxTU-SETTLEMENT,,40.28,"50,88,966.76"
22/08/2026,RTGS/GPAgV2/RAZORPAY/COLLECTION,,279.42,"50,89,246.18"
22/08/2026,TRF FROM RAZORPAY REF HSNErk DT 22/08,,95.14,"50,89,341.32"
22/08/2026,TRF FROM RAZORPAY REF KRbKAo DT 22/08,,217.32,"50,89,558.64"
22/08/2026,  MPS/kvBTIf/RAZORPAY SOFTWARE PVT LTD  ,,15.03,"50,89,573.67"
22/08/2026,UPI/PAYHIUJX/PAYMENT/REF,,40.39,"50,89,614.06"
22/08/2026,NEFT-RAZORPAY-PAYKG207-SETTLEMENT,,61.03,"50,89,675.09"
22/08/2026,UPI/PAYSUFD6/PAYMENT/REF,,179.49,"50,89,854.58"
22/08/2026,TRF FROM RAZORPAY REF rZLTjZ DT 22/08,,21.16,"50,89,875.74"
22/08/2026,NEFT-RAZORPAY-setl_umXW8m-SETTLEMENT,,"1,082.40","50,90,958.14"
22/08/2026,IMPS/Uhg9Gx/RZPY/CR,,73.30,"50,91,031.44"
23/08/2026,TRF FROM RAZORPAY REF A5coWA DT 23/08,,19.32,"50,91,050.76"
23/08/2026,UPI/Bx0utS/PAYMENT/REF,,18.77,"50,91,069.53"
23/08/2026,RTGS/CnNQ14/RAZORPAY/COLLECTION,,46.97,"50,91,116.50"
23/08/2026,UPI/cswSiS/PAYMENT/REF,,59.70,"50,91,176.20"
23/08/2026,NEFT-RAZORPAY-dI4bnc-SETTLEMENT,,23.77,"50,91,199.97"
23/08/2026,UPI/gvBkAu/PAYMENT/REF,,81.23,"50,91,281.20"
23/08/2026,NEFT/RAZORPAY/I3LESL/SETTLEMENT,,245.72,"50,91,526.92"
23/08/2026,TRF FROM RAZORPAY REF ICS8Dc DT 23/08,,33.28,"50,91,560.20"
23/08/2026,RTGS/KESRUX/RAZORPAY/COLLECTION,,43.36,"50,91,603.56"
23/08/2026,UPI/l2f7HR/PAYMENT/REF,,34.90,"50,91,638.46"
23/08/2026,NEFT/RAZORPAY/NnVMe2/SETTLEMENT,,27.03,"50,91,665.49"
23/08/2026,TRF FROM RAZORPAY REF NtaGGI DT 23/08,,47.80,"50,91,713.29"
23/08/2026,  MPS/ohkcw0/RAZORPAY SOFTWARE PVT LTD  ,,319.40,"50,92,032.69"
23/08/2026,  MPS/olgapx/RAZORPAY SOFTWARE PVT LTD  ,,157.47,"50,92,190.16"
23/08/2026,UPI/PAYHP9YK/PAYMENT/REF,,82.84,"50,92,273.00"
23/08/2026,RTGS/QnQCTm/RAZORPAY/COLLECTION,,90.34,"50,92,363.34"
23/08/2026,NEFT/RAZORPAY/X2YxvT/SETTLEMENT,,23.51,"50,92,386.85"
24/08/2026,NEFT-RAZORPAY-7Ld4R9-SETTLEMENT,,106.51,"50,92,493.36"
24/08/2026,BY TRANSFER-NEFT*MYRmMd*RAZORPAY SOFTWARE,,19.37,"50,92,512.73"
24/08/2026,IMPS/setl_YTOgZa/RZPY/CR,,"2,152.68","50,94,665.41"
24/08/2026,UPI/setl_ZO3g2B/PAYMENT/REF,,"5,218.98","50,99,884.39"
24/08/2026,UPI/ZzzUrU/PAYMENT/REF,,231.81,"51,00,116.20"
25/08/2026,BY TRANSFER-NEFT*rfnd_ppBT6e*RAZORPAY SOFTWARE,36.98,,"51,00,079.22"
26/08/2026,NEFT-RAZORPAY-n5Z8ak-SETTLEMENT,,169.28,"51,00,248.50"
26/08/2026,TRF FROM RAZORPAY REF rfnd_aN3fyi DT 26/08,4.58,,"51,00,243.92"
27/08/2026,IMPS/rfnd_V1on4q/RZPY/CR,2.90,,"51,00,241.02"
